PKC,PKA,Raf,Mek,P38,Jnk,Akt,Erk
17.0,414.0,26.4,13.2,44.9,40.0,17.0,6.61
3.37,352.0,35.9,16.5,16.5,61.5,32.5,18.6
11.4,403.0,59.4,44.1,31.9,19.5,32.5,14.9
13.7,528.0,73.0,82.8,28.6,23.1,11.8,5.83
4.66,305.0,33.7,19.8,25.7,81.3,46.1,21.1
13.7,610.0,18.8,3.75,49.1,57.8,25.7,11.9
15.0,835.0,44.9,36.5,35.9,18.1,17.9,8.66
6.44,466.0,47.4,15.0,24.4,20.0,45.3,20.2
29.2,445.0,104.0,61.5,61.0,25.3,23.5,11.5
14.6,213.0,21.1,21.5,26.7,101.0,135.0,13.2
20.4,449.0,16.4,16.4,44.9,24.1,34.6,21.9
31.9,389.0,74.3,22.9,71.0,35.5,36.5,20.9
17.9,528.0,85.1,39.6,44.1,118.0,12.2,6.67
14.6,400.0,36.8,29.2,41.4,151.0,17.9,17.9
9.73,500.0,29.2,24.1,19.1,7.91,7.23,8.82
56.2,392.0,50.0,13.8,77.0,1.0,27.9,18.1
40.0,89.0,26.2,26.7,65.5,1.42,37.9,9.06
16.5,223.0,39.6,38.2,30.8,7.64,31.3,27.6
24.1,319.0,30.5,19.8,37.2,17.2,36.2,19.1
14.2,710.0,49.1,16.5,27.4,22.1,62.1,31.1
12.0,843.0,38.5,8.9,28.4,20.9,35.9,12.1
13.8,276.0,31.6,17.8,28.4,12.7,23.9,10.2
1.0,965.0,41.0,27.9,84.3,4.61,50.0,30.2
35.9,449.0,70.4,54.2,93.9,48.3,27.9,9.91
35.9,1981.0,70.4,42.2,46.1,17.8,98.2,59.4
13.6,644.0,21.5,1.0,29.2,7.04,38.5,18.8
10.5,466.0,39.2,23.1,23.3,6.98,32.2,17.8
22.7,500.0,69.8,20.4,48.3,59.4,25.0,10.4
13.2,308.0,34.9,22.3,38.9,196.0,51.4,34.3
28.1,673.0,40.7,24.8,41.8,23.1,14.7,5.14
19.5,1382.0,45.7,15.7,38.5,20.9,49.1,23.9
34.0,621.0,43.7,29.2,67.9,28.1,12.5,8.58
26.9,422.0,79.9,80.6,40.3,15.3,35.5,10.5
38.5,552.0,56.7,17.3,59.9,17.9,22.9,9.22
22.9,325.0,58.8,19.5,31.9,20.7,33.7,19.1
22.5,403.0,53.8,12.7,38.5,20.9,37.9,20.2
14.7,429.0,58.3,23.1,28.9,12.6,48.7,36.2
2.46,1241.0,160.0,28.1,31.3,83.5,12.4,4.96
38.2,599.0,45.3,9.39,80.6,139.0,27.6,4.29
12.7,898.0,54.7,28.4,23.7,13.5,59.9,38.5
4.74,396.0,85.1,26.9,8.98,43.3,14.2,13.6
14.9,319.0,109.0,43.7,37.9,17.8,42.6,27.1
4.96,10.2,25.7,15.3,40.3,221.0,18.9,2.69
15.3,382.0,50.5,28.1,20.0,7.7,24.8,14.7
4.45,562.0,69.2,17.8,20.0,105.0,13.3,2.71
23.5,474.0,62.6,19.3,48.7,22.5,24.8,4.49
31.9,1433.0,67.9,43.7,66.7,40.0,38.5,17.8
21.3,233.0,75.0,57.8,46.1,17.0,36.2,21.9
12.5,1027.0,50.9,42.2,32.8,108.0,36.2,6.26
19.1,466.0,79.9,20.4,34.9,6.15,24.1,8.82
8.74,1310.0,62.6,21.7,22.7,11.7,75.7,39.2
4.66,673.0,50.9,25.3,26.9,173.0,15.4,9.06
20.4,466.0,75.0,30.5,43.7,10.1,35.5,25.3
17.2,29.7,59.4,25.3,32.5,10.5,12.4,3.62
20.9,573.0,181.0,37.9,38.2,17.6,13.1,6.38
85.8,973.0,69.8,33.1,121.0,32.5,27.1,4.07
44.9,547.0,57.3,19.1,80.6,71.7,13.5,5.83
6.55,418.0,82.8,30.5,16.7,95.6,37.5,23.5
6.79,322.0,35.5,24.6,23.3,11.9,45.7,21.9
20.7,188.0,80.6,27.9,33.1,17.5,20.7,2.84
5.47,337.0,113.0,45.7,20.0,9.39,21.5,13.1
24.1,1731.0,8.9,10.1,42.2,20.7,355.0,181.0
37.5,583.0,35.2,14.1,47.4,9.47,22.5,12.9
25.7,547.0,24.1,12.3,59.9,80.6,16.5,9.14
22.5,319.0,164.0,33.1,35.5,12.4,24.1,16.3
3.05,382.0,57.8,27.1,27.1,78.4,34.6,25.9
4.45,429.0,90.6,27.4,42.9,80.6,18.9,10.9
1.86,578.0,38.5,12.7,7.37,3.43,10.8,4.22
2.5,667.0,51.4,36.8,14.9,64.9,25.9,12.7
11.7,437.0,26.9,15.1,24.4,15.4,38.5,20.4
25.9,474.0,56.2,21.1,39.6,75.7,19.8,14.1
10.0,418.0,70.4,35.5,22.3,6.67,31.6,18.8
16.3,362.0,58.8,35.2,19.8,10.4,33.7,18.4
12.0,151.0,69.2,35.5,31.1,27.6,18.6,8.51
19.6,799.0,69.8,47.0,47.8,16.4,51.4,32.8
1.67,1065.0,105.0,59.9,48.3,4.66,23.1,6.85
6.49,692.0,62.1,51.9,25.0,91.4,37.9,14.3
18.6,505.0,75.0,33.4,31.1,7.64,27.6,19.8
11.7,400.0,20.4,15.1,22.7,6.85,22.9,9.14
22.5,956.0,47.8,19.6,43.3,20.0,35.2,17.9
18.8,1407.0,59.9,53.3,29.4,16.8,37.9,11.1
11.0,207.0,46.6,27.1,31.3,12.0,38.2,21.5
15.3,3051.0,51.9,21.3,39.2,15.7,200.0,58.8
1.0,562.0,31.9,23.9,68.5,8.2,15.0,6.73
2.69,906.0,93.9,27.4,6.98,71.0,46.1,28.1
2.37,806.0,64.9,23.3,20.0,7.91,35.2,19.6
1.0,470.0,153.0,123.0,12.0,9.91,26.2,8.58
23.5,1843.0,16.7,12.4,36.2,30.5,64.9,44.9
7.7,655.0,71.7,25.5,16.4,49.1,31.3,12.2
7.77,470.0,35.5,23.7,33.4,16.3,22.7,13.0
2.53,239.0,83.5,61.5,2.69,6.1,19.5,3.46
9.56,433.0,31.9,8.82,48.7,54.2,16.0,16.8
2.71,799.0,29.4,20.2,15.4,49.1,150.0,89.0
10.8,313.0,302.0,325.0,36.5,17.2,38.2,29.2
2.92,483.0,40.3,16.5,15.3,89.0,29.7,19.3
20.0,557.0,29.2,15.4,24.6,7.7,47.0,6.38
5.47,375.0,46.1,25.7,39.2,95.6,35.9,16.8
3.59,820.0,52.3,21.5,25.0,93.1,23.9,7.23
10.2,1009.0,48.7,36.5,22.7,15.3,25.9,6.1
12.1,723.0,85.8,82.0,21.9,5.42,10.9,6.61
15.7,583.0,75.7,25.9,36.8,13.7,28.4,8.28
16.3,982.0,58.3,21.9,21.5,15.5,17.2,5.47
6.55,379.0,58.8,34.9,18.4,48.7,27.9,22.5
17.8,403.0,112.0,27.6,29.7,7.77,16.7,10.8
14.3,379.0,66.7,29.2,30.8,17.6,32.2,22.9
16.1,313.0,39.6,23.9,20.0,10.5,38.2,22.7
21.3,281.0,36.5,15.5,28.6,13.9,34.6,15.8
38.5,331.0,38.2,25.7,67.9,16.3,36.5,24.1
2.81,858.0,41.8,21.3,17.3,64.4,61.0,13.3
4.26,604.0,62.1,18.1,13.5,72.3,34.6,17.0
20.4,1472.0,167.0,79.1,29.2,12.9,89.0,28.4
2.21,271.0,55.7,28.6,4.45,9.73,17.6,7.5
9.06,906.0,84.3,71.7,25.0,42.2,17.8,8.9
20.9,1197.0,60.4,25.3,49.6,17.5,64.9,44.5
16.0,274.0,57.3,21.9,21.5,14.9,12.9,5.83
11.1,87.4,76.4,32.8,27.4,7.43,14.3,5.47
50.9,500.0,96.5,119.0,75.0,26.9,32.2,19.5
5.0,965.0,38.5,17.8,20.4,34.9,21.3,10.6
12.0,519.0,66.1,46.6,13.8,14.9,17.8,15.7
14.9,382.0,112.0,79.1,31.1,12.0,32.2,10.6
5.62,340.0,47.0,22.3,13.9,93.9,11.4,3.49
24.6,757.0,87.4,54.7,40.7,25.0,33.1,15.8
8.66,743.0,57.8,19.1,8.35,24.4,57.3,18.8
7.23,385.0,92.2,31.1,17.6,7.99,29.4,13.6
4.14,319.0,93.1,28.9,20.2,122.0,24.8,20.4
1.83,276.0,107.0,36.8,25.5,97.3,28.1,18.8
3.52,491.0,80.6,56.7,5.57,24.4,5.88,5.28
6.55,514.0,44.9,25.3,16.1,33.7,26.2,14.2
1.88,286.0,27.4,18.8,19.8,88.2,54.7,18.6
20.4,284.0,31.6,25.7,28.4,48.3,25.7,14.1
34.9,305.0,52.3,33.4,68.5,20.4,42.9,30.5
3.82,649.0,71.7,27.4,20.2,53.8,27.4,14.1
3.68,379.0,44.5,26.9,32.5,77.0,16.0,4.53
13.6,457.0,74.3,27.4,24.6,6.55,15.1,6.26
30.5,487.0,44.1,20.2,40.0,23.7,30.2,22.3
12.6,710.0,42.9,22.9,24.4,65.5,36.8,13.1
3.68,509.0,79.1,26.4,16.0,63.2,20.4,8.06
69.8,2288.0,89.0,30.0,94.7,8.28,97.3,52.8
13.6,453.0,63.2,27.4,32.8,13.1,38.2,15.1
24.8,313.0,27.9,20.7,44.5,23.1,21.3,6.98
13.0,255.0,69.8,22.9,25.3,9.73,28.1,20.7
22.1,509.0,28.9,15.7,53.8,35.9,23.5,13.0
3.96,343.0,102.0,30.8,26.9,87.4,25.0,20.2
2.74,239.0,59.4,25.3,14.5,77.7,36.5,22.5
29.7,426.0,89.8,31.3,60.4,24.1,37.5,25.0
4.26,305.0,200.0,33.1,14.2,95.6,35.5,21.7
44.1,698.0,62.1,18.1,125.0,57.3,20.7,4.49
16.7,334.0,46.1,23.7,31.6,11.8,19.5,15.0
26.4,1208.0,149.0,85.1,46.6,30.0,69.2,29.2
12.2,1582.0,8.9,15.5,25.7,12.0,61.5,40.3
17.9,487.0,109.0,40.0,30.8,15.1,23.1,12.3
1.0,2571.0,71.7,42.9,33.4,1.01,34.9,8.13
18.6,649.0,68.5,24.4,38.5,17.8,17.2,5.94
20.4,632.0,79.9,44.1,51.4,35.9,82.8,39.2
23.9,799.0,85.1,34.9,41.8,16.7,86.6,44.1
2.15,470.0,196.0,163.0,6.61,2.81,25.3,22.9
23.3,322.0,38.5,17.3,37.5,19.3,42.6,29.4
25.0,573.0,64.4,50.9,54.7,20.9,30.0,22.5
13.9,352.0,97.3,22.7,36.2,9.82,25.3,19.6
40.0,1655.0,79.1,28.4,66.1,20.4,53.3,27.4
15.4,1018.0,106.0,24.8,31.9,14.2,108.0,70.4
6.15,297.0,76.4,30.8,29.4,118.0,34.0,19.3
11.5,1094.0,108.0,30.8,30.2,67.3,27.4,6.61
3.43,965.0,53.3,34.6,16.4,70.4,30.8,3.79
14.9,519.0,27.9,19.3,36.2,16.5,21.3,14.7
2.41,533.0,69.8,26.2,9.47,74.3,45.3,18.9
3.0,445.0,7.23,5.88,18.1,66.7,23.7,8.82
1.88,470.0,49.1,18.8,21.9,59.4,28.1,17.6
6.98,552.0,42.6,15.7,44.9,271.0,10.3,3.79
12.5,874.0,16.5,22.9,28.1,2.89,13.6,3.59
5.14,215.0,101.0,61.0,11.4,58.8,11.1,7.99
9.22,965.0,59.9,21.9,44.9,3.85,24.8,8.82
13.7,914.0,102.0,46.1,33.4,11.0,65.5,36.8
8.43,649.0,142.0,101.0,29.2,138.0,19.5,11.3
11.1,542.0,61.5,17.2,20.9,154.0,33.1,14.9
1.63,599.0,54.7,20.4,17.5,67.9,18.1,11.7
18.3,509.0,50.5,19.5,39.6,23.3,28.9,11.7
32.8,704.0,34.0,13.3,63.2,50.9,59.4,34.0
1.6,466.0,48.7,19.5,20.4,64.9,24.4,8.58
4.83,255.0,70.4,25.3,18.8,51.9,24.6,4.53
3.08,244.0,45.7,19.1,23.5,93.9,16.0,8.43
17.8,3220.0,78.4,33.1,29.7,18.3,164.0,66.7
9.82,355.0,17.6,11.4,23.1,18.9,36.5,23.7
2.07,610.0,29.4,26.4,22.1,57.3,71.7,15.4
20.5,461.0,63.8,21.1,31.3,13.2,13.9,4.41
19.6,362.0,227.0,155.0,39.2,12.1,10.1,10.8
12.6,1252.0,64.4,29.7,25.3,1.11,23.1,7.7
18.9,505.0,57.8,15.3,38.9,33.1,17.9,14.3
28.1,255.0,75.0,23.7,43.7,12.5,33.1,21.5
3.85,445.0,48.7,25.0,16.0,63.8,17.8,6.85
1.42,1346.0,61.0,53.3,19.6,79.9,25.7,9.56
6.15,5.57,96.5,46.1,32.5,73.0,22.3,3.85
16.4,474.0,54.7,26.2,24.1,7.3,18.6,11.5
18.3,562.0,118.0,39.2,36.5,13.3,11.1,4.33
17.3,1000.0,96.5,56.2,47.0,23.1,37.9,12.2
21.1,710.0,89.0,52.8,37.9,18.6,42.9,23.1
89.0,308.0,25.3,38.5,138.0,46.6,33.7,19.1
3.34,882.0,96.5,46.1,12.9,30.5,118.0,53.3
9.56,403.0,62.6,34.9,21.3,13.6,24.1,21.5
19.3,400.0,18.3,20.0,31.9,29.4,19.3,13.3
5.88,334.0,65.5,32.5,33.1,138.0,31.1,18.8
6.38,777.0,85.1,41.0,23.1,56.2,47.0,38.5
5.42,385.0,79.9,25.0,25.9,98.2,9.91,4.91
22.9,422.0,42.2,20.2,32.5,24.4,40.3,19.1
20.5,267.0,61.0,19.1,43.7,21.9,6.55,10.9
17.3,389.0,17.5,10.9,47.0,23.7,26.4,17.2
20.9,552.0,36.5,22.3,34.6,15.4,19.8,9.73
5.19,286.0,14.6,14.9,15.5,108.0,32.8,19.1
17.0,284.0,17.3,24.4,35.2,14.9,36.2,21.5
25.9,337.0,63.2,10.9,38.9,20.5,53.8,26.9
28.9,1499.0,35.2,16.0,46.1,10.7,117.0,15.5
15.8,604.0,57.3,27.6,37.2,18.8,12.4,5.57
13.6,1000.0,24.4,15.5,20.5,17.3,30.0,16.7
14.3,385.0,69.8,40.7,24.1,9.06,42.9,29.2
10.6,1382.0,74.3,35.9,28.9,4.26,33.1,10.6
17.2,730.0,101.0,35.5,32.5,17.9,72.3,49.6
1.0,379.0,41.4,17.2,13.2,8.66,34.3,23.9
25.7,158.0,82.0,66.1,63.2,31.9,12.3,5.28
18.8,382.0,86.6,38.2,30.5,3.49,31.3,19.5
20.5,195.0,14.1,7.23,38.2,15.8,86.6,17.3
25.5,750.0,89.8,52.3,41.0,15.0,83.5,38.2
3.82,528.0,97.3,41.4,14.6,68.5,27.1,11.3
13.9,505.0,26.9,13.7,30.2,10.2,39.2,17.5
1.78,407.0,89.0,21.3,1.53,55.2,13.7,3.31
24.4,269.0,66.1,23.9,36.5,11.3,35.9,21.7
6.49,305.0,129.0,53.3,40.3,87.4,8.13,7.64
21.9,599.0,39.2,19.3,47.0,17.8,12.1,7.23
5.78,346.0,25.0,18.6,11.9,26.4,41.0,29.7
23.3,365.0,45.7,19.3,40.0,21.1,22.9,5.33
1.0,422.0,62.1,20.5,89.0,1.57,21.5,14.9
23.9,25.3,71.0,32.5,37.5,17.8,20.5,4.83
17.5,181.0,50.0,31.6,28.6,9.22,113.0,14.7
10.1,523.0,102.0,31.6,33.4,104.0,18.3,8.58
3.49,542.0,63.2,24.6,9.82,4.53,17.5,6.44
1.0,359.0,233.0,66.1,18.9,58.8,18.4,13.3
11.8,1075.0,38.9,24.1,35.9,11.3,80.6,42.6
22.9,547.0,98.2,44.1,50.5,15.4,22.7,12.0
10.7,219.0,38.9,24.6,39.6,71.7,26.7,22.7
10.8,311.0,87.4,29.4,13.8,9.65,47.8,26.2
14.7,418.0,75.7,21.5,28.9,12.7,15.5,6.26
20.0,396.0,79.9,18.9,32.8,18.6,15.1,7.77
11.2,661.0,52.8,19.5,38.9,98.2,57.3,43.7
9.73,1358.0,63.8,17.0,25.9,91.4,109.0,70.4
4.53,500.0,107.0,44.9,12.4,69.8,21.1,7.84
18.4,667.0,59.4,18.4,51.9,18.4,59.4,31.1
7.7,542.0,106.0,74.3,27.9,167.0,36.2,16.0
24.8,655.0,71.0,40.7,43.3,14.3,16.7,7.99
12.3,392.0,21.5,13.1,27.9,29.2,11.1,4.29
19.1,1762.0,149.0,51.4,26.7,8.9,54.2,29.4
5.0,346.0,25.9,12.3,21.1,57.3,36.5,17.9
13.7,349.0,64.4,48.3,31.1,16.1,34.9,13.3
4.14,414.0,36.2,11.3,10.4,68.5,22.9,15.3
17.9,302.0,51.9,26.7,22.3,10.3,50.0,30.2
8.13,355.0,21.7,7.57,17.2,89.8,29.4,11.8
13.2,300.0,93.9,35.9,24.6,13.0,40.0,23.5
25.3,414.0,56.7,20.5,41.4,16.4,32.5,24.4
24.8,466.0,66.1,16.1,49.6,29.2,29.2,13.2
25.3,1346.0,27.6,17.0,52.8,13.2,50.5,29.7
25.7,400.0,49.1,33.4,33.7,20.9,39.2,25.3
7.77,49.1,157.0,51.9,10.3,41.0,45.3,5.99
9.47,466.0,124.0,33.4,24.1,262.0,25.0,16.1
4.07,239.0,37.9,16.4,58.8,89.0,13.9,2.53
2.05,474.0,45.3,25.5,23.5,106.0,22.9,12.3
18.9,316.0,163.0,86.6,38.5,13.2,53.3,40.3
24.6,400.0,62.6,33.7,45.3,28.6,4.29,5.0
30.8,1037.0,26.4,15.3,61.0,14.2,21.9,6.04
19.5,1446.0,52.3,29.7,43.7,20.7,32.2,11.9
15.3,621.0,81.3,24.8,34.0,22.1,248.0,181.0
26.2,496.0,95.6,38.2,48.7,10.4,45.3,26.4
8.82,828.0,79.9,29.4,22.1,12.6,71.0,30.0
16.0,717.0,17.3,14.6,26.4,8.35,14.7,10.4
1.98,1219.0,51.4,37.9,17.6,77.0,35.5,15.5
27.4,470.0,38.5,7.3,42.9,16.0,41.8,29.4
12.4,1000.0,52.8,53.3,23.5,23.7,62.6,36.8
29.7,1009.0,91.4,40.3,50.0,33.4,27.1,10.5
2.11,487.0,37.9,14.2,24.8,66.7,42.9,17.9
10.1,2618.0,55.2,18.8,30.8,58.3,97.3,55.7
1.0,982.0,44.5,24.8,58.3,8.43,57.3,21.1
17.0,349.0,70.4,30.0,53.3,22.3,36.8,19.1
3.89,400.0,47.4,30.5,36.8,96.5,87.4,33.1
3.96,359.0,63.8,21.7,19.8,80.6,26.2,20.5
20.7,154.0,23.5,42.9,36.2,13.5,8.51,1.5
9.39,1094.0,5.23,15.1,19.6,4.14,297.0,133.0
20.4,457.0,14.5,15.4,48.3,16.0,29.4,16.0
12.1,271.0,36.8,9.47,26.2,85.8,30.0,20.0
12.6,352.0,97.3,25.3,23.3,20.9,9.22,6.98
9.56,1027.0,16.3,12.1,15.4,67.3,64.4,43.3
1.0,286.0,44.5,31.3,59.4,3.68,43.3,32.5
5.42,331.0,67.9,53.3,15.1,94.7,36.8,22.1
8.58,2129.0,59.4,28.1,17.0,7.57,165.0,79.9
9.91,313.0,25.9,17.2,18.8,9.22,32.2,15.3
19.3,365.0,40.0,32.8,33.7,14.7,75.7,40.0
9.91,496.0,60.4,24.8,20.5,9.56,25.0,12.7
1.54,1526.0,50.5,24.6,23.3,59.9,91.4,57.8
13.7,466.0,31.1,18.8,26.7,15.0,21.9,10.6
18.8,331.0,11.2,17.9,24.8,10.9,19.3,12.7
8.06,1670.0,39.2,28.4,19.3,18.4,235.0,92.2
7.04,1075.0,72.3,27.1,21.3,35.5,23.3,7.3
14.1,343.0,62.1,16.1,20.2,9.65,50.0,31.3
31.9,385.0,12.7,12.9,59.4,28.1,14.1,3.37
17.0,737.0,49.6,17.9,31.6,7.77,129.0,67.3
17.3,418.0,62.6,22.7,32.5,12.4,22.5,5.73
2.35,483.0,10.8,5.33,21.1,85.8,22.9,11.0
3.0,70.4,74.3,26.4,14.7,92.2,17.2,4.26
1.67,429.0,73.0,21.7,44.9,3.0,19.1,16.5
1.6,305.0,10.9,6.38,13.8,62.6,11.0,8.58
11.2,422.0,55.2,18.9,25.3,14.2,23.9,11.5
17.9,538.0,56.7,13.9,39.6,14.6,30.2,5.67
19.5,433.0,97.3,61.5,35.2,21.5,31.9,24.6
17.5,1124.0,45.3,19.5,44.5,157.0,30.0,3.55
11.1,407.0,45.3,16.5,27.6,122.0,46.1,19.5
2.59,449.0,248.0,271.0,35.5,3.75,38.5,21.5
14.1,313.0,58.3,34.0,32.2,13.9,33.4,20.5
26.9,552.0,112.0,46.1,53.8,25.9,10.8,4.1
11.2,457.0,16.0,15.0,25.7,1.19,35.5,12.9
16.1,294.0,67.3,31.6,35.9,1.0,50.5,31.1
3.75,311.0,39.2,15.8,7.91,8.35,28.9,11.0
2.97,392.0,68.5,24.4,13.6,57.8,33.1,27.1
16.8,1700.0,59.9,40.0,47.4,16.7,143.0,95.6
38.2,429.0,88.2,67.3,136.0,55.7,36.2,12.7
5.38,239.0,13.1,11.2,17.2,73.7,34.9,21.1
13.6,343.0,99.1,50.5,29.4,12.0,12.0,3.92
29.2,449.0,53.3,18.6,44.1,21.9,17.2,17.6
4.18,281.0,137.0,50.0,23.5,123.0,17.9,6.98
4.29,661.0,44.5,19.8,21.7,126.0,18.9,3.92
12.7,322.0,255.0,85.8,21.1,26.2,17.0,7.23
5.57,27.6,55.2,25.0,18.1,7.43,6.04,3.0
36.5,1286.0,74.3,34.6,73.0,33.7,32.5,9.31
2.39,547.0,117.0,49.1,22.1,98.2,27.9,12.2
35.5,231.0,44.5,26.4,54.7,27.4,19.3,15.8
27.1,426.0,87.4,54.7,27.4,1.73,22.3,10.3
9.91,528.0,32.2,14.9,23.3,95.6,21.5,9.06
12.2,300.0,37.2,14.5,34.3,18.4,31.6,24.1
42.6,496.0,50.9,24.4,74.3,200.0,40.3,22.7
32.8,340.0,29.4,20.4,53.8,19.1,47.0,26.7
7.04,483.0,48.3,7.43,31.3,92.2,17.0,3.79
15.1,615.0,64.9,34.9,40.3,26.9,106.0,68.5
15.3,806.0,32.8,23.9,37.2,21.5,55.2,33.4
50.9,257.0,26.4,17.0,71.7,27.9,37.9,22.9
18.1,264.0,69.8,34.0,41.4,23.5,24.6,13.2
16.1,429.0,45.7,18.3,25.9,10.5,14.9,10.6
16.0,313.0,131.0,37.2,19.1,18.4,29.4,24.1
12.1,685.0,106.0,38.2,28.1,19.6,30.5,18.3
4.18,573.0,68.5,28.1,30.8,59.9,23.7,10.7
4.18,346.0,59.4,26.7,23.3,33.7,21.5,6.79
26.9,538.0,47.0,17.0,50.0,15.3,57.3,10.8
21.7,1625.0,56.7,35.9,30.5,19.8,105.0,37.9
4.18,835.0,28.4,12.6,15.8,90.6,60.4,36.2
3.19,599.0,35.2,19.1,14.3,90.6,21.1,2.71
10.8,956.0,47.0,24.1,30.5,11.5,29.2,7.77
23.7,1104.0,63.2,18.9,56.2,13.3,113.0,21.1
2.79,583.0,62.6,21.1,12.4,8.28,18.4,5.05
10.7,355.0,14.2,11.7,30.2,10.6,14.2,6.1
9.65,509.0,53.8,20.7,53.3,217.0,18.4,12.1
1.1,359.0,68.5,27.6,61.5,14.1,24.1,6.85
2.97,2480.0,119.0,64.4,31.9,78.4,33.4,8.66
13.3,698.0,41.8,11.1,22.3,11.1,34.0,6.79
13.9,414.0,44.9,21.7,27.4,9.91,20.9,2.59
15.3,343.0,72.3,38.9,40.0,18.3,13.7,3.68
24.6,219.0,53.3,34.6,63.8,137.0,12.7,8.66
9.47,523.0,31.9,18.9,23.7,16.3,24.6,7.57
7.1,305.0,117.0,59.4,21.1,32.5,30.5,21.1
2.33,649.0,45.3,32.8,31.6,57.3,11.5,3.08
32.5,262.0,46.6,30.0,96.5,25.7,16.7,10.1
19.5,514.0,30.5,8.9,26.4,17.8,16.5,13.2
2.79,24.4,41.8,12.0,15.4,83.5,22.9,6.26
5.28,466.0,102.0,38.2,30.5,122.0,15.3,14.9
20.0,791.0,33.1,26.2,18.1,12.4,209.0,115.0
2.35,441.0,44.1,33.4,17.5,82.8,19.1,7.77
8.28,294.0,15.3,14.9,17.9,10.7,23.7,21.9
22.3,441.0,85.8,31.3,46.6,32.8,17.9,5.94
21.1,509.0,32.5,27.1,33.7,9.22,33.1,21.9
16.1,294.0,54.7,19.3,27.6,15.0,28.9,12.1
23.5,16.8,40.0,23.7,42.6,11.5,5.67,1.73
26.9,257.0,36.5,16.5,47.0,66.1,5.42,3.34
12.3,453.0,52.8,50.0,22.1,21.3,64.9,29.4
11.2,422.0,81.3,61.5,28.4,14.5,50.0,40.7
19.3,231.0,13.5,30.0,35.2,15.1,44.5,29.7
26.9,422.0,17.5,29.4,44.1,4.26,29.2,22.5
3.43,362.0,38.2,25.9,13.0,52.8,42.6,20.2
1.36,349.0,104.0,26.2,31.9,1.0,15.0,9.56
3.34,372.0,37.2,12.1,10.4,75.7,22.3,12.0
1.0,610.0,52.3,41.0,52.8,8.9,20.0,9.91
20.2,13.3,80.6,25.5,40.0,17.0,18.6,2.76
2.27,562.0,227.0,42.2,28.1,20.5,26.2,2.39
27.9,429.0,33.4,4.45,37.5,12.5,55.7,28.9
10.6,292.0,31.9,16.0,30.2,12.1,7.04,5.73
4.74,445.0,73.7,25.3,15.3,114.0,18.8,4.78
14.3,685.0,55.2,55.7,26.7,11.5,15.3,7.99
18.4,375.0,37.5,21.9,46.1,35.2,14.3,8.9
11.3,1715.0,25.0,16.5,22.7,16.7,172.0,106.0
2.53,1055.0,70.4,33.1,12.1,87.4,88.2,47.8
31.3,567.0,31.1,20.2,80.6,106.0,13.2,9.14
14.3,385.0,47.4,14.1,25.3,14.9,8.28,6.26
21.3,284.0,86.6,49.1,37.2,11.2,17.0,10.8
16.0,1114.0,120.0,45.3,31.3,6.55,38.2,16.5
17.5,764.0,51.4,37.9,36.8,14.3,44.5,10.5
18.1,1155.0,27.6,26.2,31.1,8.98,30.8,21.5
9.91,441.0,42.2,16.8,17.6,17.6,30.5,12.7
24.6,319.0,32.2,28.4,44.1,19.8,24.6,14.7
25.3,1186.0,38.2,24.1,53.8,39.2,47.8,25.5
3.85,437.0,55.7,26.9,19.6,38.2,43.3,25.0
4.87,737.0,47.4,25.5,15.4,76.4,18.4,14.9
24.4,514.0,40.7,17.2,50.0,119.0,21.1,11.7
4.57,365.0,10.6,14.1,12.5,40.3,25.7,17.6
2.69,562.0,92.2,30.2,13.3,61.5,26.9,7.91
3.46,276.0,33.4,12.7,11.3,24.4,29.7,22.1
14.5,331.0,25.7,7.84,27.6,13.8,28.6,17.6
13.8,164.0,63.2,32.5,27.6,1.02,8.28,4.14
13.3,337.0,65.5,28.9,33.4,17.5,21.9,13.6
9.82,514.0,51.4,59.4,18.3,4.0,22.7,5.78
2.86,491.0,65.5,48.3,15.7,57.3,11.9,9.31
5.73,1275.0,13.3,20.7,16.5,16.8,110.0,69.2
13.3,737.0,114.0,39.6,35.2,12.7,23.3,6.73
15.0,743.0,141.0,65.5,26.7,20.7,56.2,40.0
1.35,610.0,43.7,19.3,93.1,8.35,35.9,20.0
46.6,308.0,3.82,14.6,77.7,44.9,26.9,12.6
8.2,311.0,93.1,80.6,18.4,5.28,43.3,28.6
29.7,1472.0,50.0,28.1,59.9,22.7,39.2,9.73
16.3,248.0,89.8,17.0,28.9,19.6,3.16,1.0
12.7,379.0,17.2,15.1,25.9,3.4,27.9,20.9
11.1,483.0,43.7,26.7,31.1,9.06,12.6,11.5
8.51,491.0,19.1,15.5,27.9,16.4,16.3,10.8
15.8,28.4,195.0,60.4,25.9,20.7,13.3,4.53
15.5,407.0,88.2,33.7,38.5,11.1,16.3,10.0
14.1,325.0,92.2,37.2,27.6,16.1,37.2,19.1
13.6,365.0,39.6,11.9,24.6,16.1,27.4,16.5
8.58,355.0,93.1,36.5,12.6,23.5,19.3,11.5
4.74,355.0,18.3,4.1,17.5,67.3,39.6,18.9
15.0,1046.0,63.2,22.7,31.9,11.4,93.1,57.3
12.3,828.0,43.7,13.8,23.1,11.8,31.3,15.0
23.5,305.0,8.2,17.0,38.5,8.9,26.9,16.5
10.3,1700.0,26.7,17.0,20.7,13.9,52.8,14.1
8.58,1219.0,50.5,28.1,53.3,12.5,51.9,31.6
3.46,349.0,84.3,34.6,12.1,62.1,21.5,13.5
4.18,1794.0,62.6,24.1,12.6,93.1,93.1,40.7
14.1,2458.0,63.8,21.7,32.5,14.5,233.0,100.0
8.2,557.0,43.3,21.7,34.3,165.0,14.9,8.98
20.5,478.0,79.1,25.5,32.8,14.2,19.8,8.9
18.9,828.0,10.8,15.0,31.9,10.1,14.7,1.22
16.7,253.0,78.4,22.1,25.9,10.6,22.9,12.3
15.8,392.0,90.6,49.1,24.1,11.1,31.9,22.9
4.03,770.0,552.0,389.0,13.5,26.7,25.9,17.8
45.7,717.0,40.7,24.6,85.8,39.6,50.5,23.5
3.65,319.0,60.4,12.7,23.3,55.7,31.1,12.7
3.52,382.0,50.5,21.1,8.43,71.7,38.9,25.3
23.1,843.0,117.0,38.9,36.8,15.1,29.2,15.1
21.7,1346.0,61.0,21.7,36.2,16.4,20.5,10.6
11.4,334.0,92.2,42.2,29.2,70.4,17.0,4.0
18.9,594.0,11.0,9.31,44.1,22.7,26.2,15.5
4.18,331.0,170.0,86.6,23.9,93.9,43.3,29.2
16.8,939.0,54.2,21.9,40.0,14.9,127.0,36.2
4.96,552.0,18.1,23.5,41.4,292.0,28.4,14.7
27.6,538.0,34.9,21.7,57.3,20.4,17.6,7.23
17.2,730.0,179.0,164.0,25.9,17.9,30.0,17.5
2.05,316.0,83.5,48.7,15.0,71.7,31.1,17.6
5.47,523.0,89.0,31.6,21.7,54.7,58.8,4.0
15.7,1946.0,58.8,37.9,29.4,9.91,63.8,34.9
24.8,470.0,31.9,11.4,39.6,30.8,28.9,14.9
10.2,457.0,46.6,19.5,32.8,22.1,31.6,5.38
6.79,244.0,37.9,10.6,14.6,66.1,28.4,14.6
58.3,302.0,73.0,20.0,111.0,170.0,23.1,2.25
15.4,1794.0,42.2,17.9,49.6,200.0,106.0,24.1
12.0,359.0,87.4,57.3,20.4,6.98,27.4,24.4
19.6,470.0,41.0,17.0,38.5,19.6,16.8,10.4
32.2,115.0,50.9,35.2,49.6,18.8,12.4,3.96
4.74,698.0,10.8,19.3,10.1,69.8,10.8,5.19
13.5,400.0,77.7,48.7,22.7,14.6,33.1,11.0
17.6,1625.0,74.3,30.5,27.9,17.9,276.0,126.0
12.4,956.0,40.7,55.7,26.7,15.0,84.3,53.3
10.1,562.0,77.0,20.4,25.5,26.7,12.4,3.55
21.3,414.0,14.3,5.42,33.1,23.1,21.9,8.2
93.9,403.0,51.9,33.7,170.0,40.0,35.9,20.9
28.9,1334.0,33.4,24.1,69.2,47.0,102.0,44.9
20.0,389.0,75.0,46.6,31.1,11.5,19.8,6.55
8.51,791.0,1.61,11.4,30.8,155.0,81.3,49.6
3.4,334.0,53.3,21.5,27.6,79.1,26.2,9.47
26.4,207.0,85.1,32.2,38.9,11.8,27.9,3.02
9.73,717.0,50.9,28.6,19.3,14.7,60.4,29.4
16.1,615.0,25.9,22.9,33.7,17.5,14.9,5.57
10.6,403.0,85.8,62.1,14.3,12.2,24.6,12.9
4.7,588.0,94.7,37.5,17.2,28.4,46.6,25.5
15.5,81.3,40.0,18.4,27.6,15.7,16.4,6.15
2.0,396.0,77.0,46.1,76.4,14.3,25.9,16.1
1.32,239.0,28.6,22.5,36.2,1.79,29.2,20.0
11.1,322.0,92.2,56.2,20.0,18.9,9.39,9.14
23.9,965.0,14.6,11.0,35.2,5.19,25.9,8.35
10.9,319.0,54.2,17.9,23.9,13.2,41.8,27.1
1.95,276.0,29.7,18.9,79.1,4.87,9.65,2.76
8.06,474.0,31.1,23.9,21.7,6.61,30.2,16.4
19.5,302.0,75.0,21.1,36.8,12.6,28.4,18.1
25.7,1252.0,42.9,23.1,27.9,17.9,45.3,19.1
34.0,297.0,82.8,26.9,71.7,33.7,25.3,17.6
5.52,685.0,426.0,255.0,6.44,3.62,16.3,7.77
18.9,269.0,54.2,33.4,46.6,18.3,33.1,20.9
18.4,542.0,88.2,19.5,33.4,14.1,16.5,4.57
10.4,835.0,12.4,21.1,21.5,8.06,33.7,16.0
1.18,297.0,147.0,85.1,8.82,41.8,27.9,21.1
1.6,1.95,58.8,24.1,5.38,5.38,10.6,2.21
21.1,42.9,48.3,12.3,34.3,18.6,19.5,1.55
3.11,331.0,107.0,50.0,12.1,33.7,27.1,20.9
3.65,407.0,79.9,122.0,20.7,59.9,22.7,10.7
22.3,375.0,77.0,36.2,35.9,11.7,27.9,15.0
14.1,231.0,52.3,34.9,18.8,11.5,35.5,23.9
21.1,179.0,69.8,23.1,47.8,22.7,38.5,24.8
28.6,519.0,84.3,33.7,55.2,16.7,13.1,9.82
13.7,368.0,59.9,30.5,25.0,14.3,22.3,10.4
18.4,1241.0,47.0,25.9,35.2,22.9,46.6,23.5
22.1,461.0,74.3,16.5,49.1,14.2,37.5,22.3
17.6,191.0,8.28,19.3,38.2,20.9,44.1,26.2
8.9,573.0,66.1,53.8,11.4,38.5,15.7,5.19
28.4,743.0,47.0,23.1,47.8,19.3,30.0,11.3
3.82,294.0,23.5,27.4,19.5,155.0,28.4,18.1
14.2,496.0,12.3,6.38,34.0,13.5,18.8,3.11
31.1,316.0,15.8,10.5,46.6,19.6,32.5,17.5
17.2,385.0,21.1,25.3,29.4,11.7,31.9,20.2
6.21,359.0,12.7,10.2,29.4,27.1,25.7,20.0
7.17,2035.0,15.0,13.2,17.2,12.6,44.1,11.2
22.7,204.0,69.2,28.6,38.2,10.4,14.5,1.81
15.8,470.0,9.65,3.05,20.7,7.91,46.1,28.1
29.4,362.0,43.7,21.5,52.8,38.9,15.3,6.79
3.34,578.0,32.2,21.5,23.3,83.5,175.0,96.5
15.3,1611.0,37.9,12.3,39.2,23.1,46.6,16.7
11.2,1310.0,48.3,33.7,27.9,20.9,32.5,7.5
4.57,692.0,33.1,17.3,18.4,3.02,41.8,11.5
23.7,403.0,45.7,28.9,43.3,8.28,13.3,5.88
28.4,418.0,22.1,5.78,57.8,20.2,19.5,7.1
25.0,922.0,40.0,16.0,59.9,35.9,17.2,5.19
2.44,343.0,31.1,20.2,6.92,73.7,54.2,42.6
16.1,505.0,97.3,36.5,31.6,14.9,40.7,4.74
10.7,1625.0,31.9,23.9,18.4,10.3,93.9,56.2
17.5,547.0,38.2,13.9,39.6,16.7,17.5,14.1
42.6,470.0,51.4,25.7,58.3,2.97,14.9,7.04
12.0,1894.0,56.2,19.8,23.5,16.3,71.7,16.8
15.8,250.0,75.0,26.4,28.9,12.4,30.0,19.6
35.2,573.0,55.7,23.9,63.2,17.8,21.7,16.4
1.19,604.0,50.9,31.6,63.8,7.5,14.2,1.22
19.3,292.0,83.5,26.9,47.0,20.4,22.9,18.3
6.44,621.0,67.9,28.4,13.1,77.0,173.0,119.0
19.6,396.0,57.3,26.7,39.6,16.8,9.56,1.89
8.9,163.0,34.9,54.7,31.9,33.7,77.0,19.6
18.8,1252.0,66.7,24.8,36.5,25.9,61.0,30.8
18.8,685.0,39.6,45.3,34.6,22.3,30.5,10.1
10.3,319.0,47.4,27.9,27.1,5.78,16.7,5.0
32.2,19.6,40.7,22.3,64.9,51.9,29.7,6.38
15.4,316.0,52.3,25.0,41.0,146.0,17.9,17.6
1.39,372.0,18.9,15.0,50.0,6.32,28.4,21.9
3.19,784.0,41.0,23.1,21.9,65.5,37.2,21.3
12.9,267.0,47.0,33.7,34.6,13.7,35.5,18.6
9.56,407.0,33.1,19.3,16.0,9.91,30.2,27.6
3.65,331.0,20.2,15.5,11.5,83.5,33.4,16.3
27.6,284.0,75.0,32.2,47.8,30.2,25.5,21.3
3.13,302.0,25.0,10.7,18.4,71.0,19.1,11.0
2.21,528.0,5.57,13.0,24.1,69.2,27.4,16.4
6.1,552.0,21.5,9.73,19.3,6.92,16.8,2.71
23.1,313.0,53.3,22.5,38.9,16.7,34.3,21.3
4.57,947.0,59.9,26.9,18.8,133.0,49.6,18.6
10.9,478.0,54.2,23.3,25.0,5.28,33.4,17.5
3.34,359.0,90.6,38.9,19.3,97.3,34.6,25.7
11.0,359.0,73.0,30.2,29.7,114.0,22.9,13.8
13.6,271.0,38.9,14.9,31.9,14.7,21.5,21.5
19.3,325.0,21.5,12.7,25.3,9.65,44.9,25.3
12.1,375.0,64.9,46.6,27.1,7.99,31.1,24.1
15.8,264.0,27.1,18.1,28.9,11.1,39.6,21.3
10.3,349.0,57.8,27.4,26.7,9.73,32.5,28.1
12.1,813.0,39.2,13.2,27.6,10.2,72.3,45.3
15.0,461.0,40.7,24.8,22.1,48.7,30.5,13.7
17.5,365.0,31.6,17.5,23.1,20.5,13.2,6.61
40.7,698.0,88.2,39.6,73.7,45.7,24.1,6.21
2.48,552.0,99.1,53.3,7.91,89.0,70.4,38.5
29.4,588.0,91.4,18.3,77.0,200.0,55.2,29.2
5.94,223.0,50.0,28.1,24.4,103.0,40.0,27.6
2.21,23.9,47.0,30.2,22.7,80.6,14.1,2.11
3.34,193.0,53.8,22.1,14.5,77.0,34.9,11.7
16.1,557.0,32.2,17.6,31.1,18.4,22.5,9.56
22.7,392.0,66.7,44.1,37.9,17.9,34.0,15.4
22.1,382.0,40.3,14.6,36.2,17.8,29.2,19.1
26.9,1104.0,14.3,8.43,44.1,13.6,33.4,9.47
2.62,396.0,57.3,35.5,27.9,8.9,38.5,19.5
1.76,195.0,2.97,7.23,8.43,75.0,25.5,17.5
1.53,355.0,13.1,1.53,19.3,75.7,24.6,12.6
5.67,237.0,95.6,33.1,16.0,82.8,44.5,34.3
17.0,400.0,36.5,19.3,35.9,13.5,106.0,13.2
12.2,328.0,91.4,26.2,22.9,3.02,36.2,20.2
11.9,1219.0,70.4,41.4,22.7,15.8,77.7,43.7
20.9,259.0,73.7,29.4,35.9,9.14,32.2,13.2
14.6,403.0,142.0,107.0,21.7,11.9,45.7,26.4
20.7,982.0,34.0,13.3,28.9,9.65,39.2,4.41
14.5,632.0,82.8,35.2,25.0,11.8,26.9,7.99
6.04,334.0,53.8,23.9,12.9,75.7,10.5,9.22
11.2,389.0,62.6,43.3,18.9,10.9,10.6,3.75
5.62,578.0,42.6,22.7,22.3,102.0,87.4,56.2
4.18,483.0,25.9,11.7,19.3,40.3,42.9,16.7
5.28,470.0,50.5,32.2,13.2,36.2,46.1,27.4
11.2,407.0,8.66,5.38,28.1,163.0,18.1,19.5
15.7,334.0,31.9,22.1,35.2,12.0,20.7,12.7
17.9,655.0,31.9,22.5,44.1,14.7,25.9,7.43
8.35,757.0,43.3,21.7,26.4,13.0,12.3,2.81
1.0,352.0,56.2,34.9,3.82,5.14,37.9,19.6
1.55,483.0,47.8,34.9,25.3,87.4,19.1,9.56
14.2,334.0,14.3,22.3,26.4,10.3,21.9,5.52
5.09,478.0,31.6,23.5,12.1,50.5,16.8,10.3
2.09,939.0,58.8,19.1,13.9,61.0,45.7,9.65
11.0,264.0,34.0,20.2,27.4,36.8,25.0,16.3
1.63,308.0,37.9,32.8,21.5,95.6,73.7,44.9
26.2,1186.0,31.6,21.7,58.3,19.5,49.6,14.7
6.32,1114.0,102.0,50.0,18.1,101.0,57.3,17.0
18.3,264.0,25.3,14.5,35.9,5.14,66.1,47.4
27.1,403.0,14.7,44.9,49.6,21.1,65.5,45.7
6.32,1155.0,41.4,20.7,16.4,9.31,21.5,7.84
19.5,368.0,20.7,8.98,38.5,14.3,23.5,14.6
8.58,407.0,15.5,26.2,21.3,34.6,28.4,8.74
3.08,973.0,56.2,34.9,15.3,60.4,22.7,7.3
5.94,271.0,23.5,23.9,19.5,18.3,31.6,15.8
20.2,1134.0,73.7,14.1,23.1,8.9,47.4,25.3
22.3,1407.0,55.2,20.7,28.1,21.5,41.4,14.5
43.7,372.0,32.2,21.3,59.9,19.5,17.8,4.14
2.74,1358.0,65.5,38.5,13.9,98.2,110.0,59.9
16.7,414.0,28.6,47.4,31.1,11.2,20.2,12.4
1.68,7.43,28.9,16.5,91.4,3.55,18.9,4.7
19.5,284.0,25.5,15.8,34.9,20.5,27.4,16.0
16.5,426.0,37.2,25.3,26.7,6.79,16.8,7.77
7.7,626.0,79.9,28.6,25.7,189.0,52.8,29.2
12.1,379.0,43.3,15.5,24.6,16.3,30.5,20.2
4.0,453.0,36.2,20.7,9.91,54.7,21.3,10.6
4.07,362.0,77.7,40.0,21.5,136.0,39.2,10.9
12.5,337.0,89.0,24.4,25.9,8.13,11.3,9.73
3.4,284.0,114.0,26.7,13.9,1.0,20.5,13.0
5.83,362.0,63.8,22.1,21.9,34.9,31.3,17.6
30.5,519.0,37.2,11.1,82.8,19.1,73.7,15.7
24.8,422.0,75.0,44.5,35.2,6.61,14.5,6.67
25.7,343.0,68.5,21.9,56.7,21.5,15.8,8.51
15.7,392.0,23.1,12.1,26.4,16.5,29.4,14.1
6.32,806.0,55.2,32.8,11.7,54.7,49.1,24.1
11.0,542.0,12.6,8.06,29.7,89.8,23.5,8.28
7.57,422.0,102.0,79.9,42.2,149.0,11.1,5.33
10.3,274.0,79.9,28.9,16.1,67.9,29.7,24.1
33.1,178.0,83.5,31.1,66.1,34.9,25.3,12.0
3.96,239.0,80.6,40.7,7.17,82.0,33.4,20.2
106.0,113.0,58.3,46.1,153.0,34.3,1.7,4.57
12.2,271.0,61.0,27.9,19.3,9.47,30.5,12.9
8.43,1176.0,50.9,15.0,21.9,15.4,82.8,44.1
33.1,429.0,15.3,16.7,51.4,17.8,22.5,9.47
26.2,453.0,49.1,24.6,37.9,17.6,24.4,12.3
21.1,407.0,42.9,24.6,44.9,18.8,41.8,22.5
7.84,523.0,57.3,30.8,24.1,92.2,27.4,15.5
3.02,334.0,14.5,40.7,20.0,79.1,33.1,15.3
12.1,1731.0,89.8,19.3,24.6,8.74,79.9,43.7
2.04,717.0,58.8,17.6,30.5,86.6,69.2,17.3
20.2,410.0,139.0,110.0,40.0,19.3,40.7,20.7
16.3,241.0,36.5,18.4,36.5,20.9,13.0,4.22
3.79,365.0,18.8,19.5,10.9,73.7,23.1,10.5
21.9,414.0,35.9,15.1,53.8,27.1,23.7,10.1
2.02,294.0,36.8,19.6,11.1,86.6,21.5,11.5
18.6,331.0,62.6,27.6,39.6,12.9,14.1,7.77
18.9,213.0,52.8,28.4,32.2,19.5,30.8,16.4
27.9,331.0,51.9,24.4,61.0,32.8,20.7,10.8
1.0,294.0,8.43,19.8,101.0,6.21,26.7,15.7
24.8,328.0,37.2,16.7,41.4,32.8,24.8,9.39
12.2,359.0,69.2,37.2,26.4,59.4,28.1,13.6
12.0,355.0,24.6,16.0,47.0,191.0,29.2,16.8
29.2,400.0,42.9,20.5,37.9,15.4,11.1,4.03
21.9,311.0,84.3,18.6,36.8,13.7,13.0,5.99
16.3,257.0,48.3,36.8,27.4,10.8,44.1,29.7
2.53,346.0,31.1,12.6,12.5,82.8,41.0,27.4
1.88,573.0,37.5,31.1,33.1,54.7,37.2,18.8
19.6,418.0,27.6,20.2,35.9,22.5,12.1,8.35
8.13,1230.0,37.9,13.7,18.8,10.6,78.4,54.2
23.1,649.0,150.0,55.7,42.2,20.4,88.2,51.9
9.31,365.0,51.4,22.5,14.9,41.8,32.8,16.8
30.5,271.0,38.5,19.1,58.8,59.4,33.7,29.4
18.1,1472.0,63.2,37.2,30.8,9.73,621.0,316.0
5.94,851.0,26.9,19.8,30.0,239.0,30.2,13.1
20.5,505.0,26.9,14.7,39.2,25.7,19.8,9.39
12.5,150.0,61.0,17.3,52.8,264.0,126.0,20.7
33.7,300.0,51.9,23.5,55.2,38.2,37.2,22.5
23.3,204.0,34.6,14.5,48.7,47.8,26.7,22.1
7.84,267.0,97.3,28.4,54.7,343.0,26.4,15.5
11.3,1446.0,6.26,21.1,18.9,9.91,15.5,6.15
23.3,85.1,17.5,36.2,66.1,12.1,39.6,10.3
25.9,1144.0,2.74,3.96,50.5,113.0,71.7,47.0
5.38,491.0,48.3,28.6,38.5,121.0,16.5,5.67
17.2,407.0,53.8,38.5,26.4,19.3,15.8,8.06
3.49,414.0,62.1,20.7,33.7,204.0,24.8,9.31
11.5,599.0,61.5,26.2,18.4,6.55,20.0,18.4
23.1,375.0,62.6,37.5,47.0,26.2,14.1,12.9
2.69,255.0,103.0,37.9,44.5,1.95,32.8,17.0
8.58,331.0,40.7,9.39,20.0,7.99,19.5,6.44
11.2,337.0,107.0,27.9,24.6,10.4,27.4,14.2
4.26,286.0,106.0,55.2,15.7,71.7,30.0,19.1
26.7,991.0,41.0,28.4,43.3,23.5,90.6,15.7
32.5,704.0,18.9,11.0,41.4,13.9,239.0,153.0
13.6,331.0,35.2,23.5,36.2,10.1,12.9,9.47
2.15,400.0,39.6,17.3,93.9,3.37,18.1,12.2
19.5,649.0,17.0,6.73,39.6,7.37,29.2,3.59
8.06,382.0,92.2,31.3,20.5,7.3,12.1,5.88
15.8,661.0,25.5,18.9,37.9,18.4,13.6,8.43
11.1,382.0,63.8,28.6,22.7,30.0,26.7,20.9
17.9,445.0,22.5,44.5,40.0,12.7,27.1,22.7
15.7,519.0,38.9,14.3,24.6,23.5,5.19,5.23
15.1,547.0,20.5,6.79,35.2,12.9,20.5,13.2
4.41,1084.0,89.8,40.7,12.3,60.4,51.9,23.3
19.3,562.0,109.0,69.2,35.9,30.2,107.0,75.7
28.4,947.0,62.1,25.0,49.1,5.67,52.3,31.1
27.4,352.0,37.5,19.5,34.3,17.8,25.7,15.8
13.3,461.0,64.4,22.3,20.9,10.8,21.7,11.8
12.0,1346.0,30.0,24.8,30.5,16.8,33.1,16.8
36.8,1046.0,35.2,16.1,98.2,62.1,14.3,10.3
23.7,250.0,60.4,15.5,40.0,29.7,21.3,8.43
37.2,461.0,34.9,31.6,59.4,32.5,34.6,10.6
31.3,407.0,47.4,34.6,50.9,33.1,10.9,7.37
6.85,461.0,18.1,29.2,11.5,29.7,16.8,12.3
8.06,352.0,52.3,32.5,28.9,4.83,32.8,18.1
11.4,365.0,66.1,24.6,39.6,92.2,22.3,13.1
11.0,346.0,18.6,29.2,23.5,15.3,21.1,17.9
8.66,63.8,38.9,23.3,21.7,26.9,12.6,2.19
16.0,784.0,92.2,16.7,28.6,8.2,76.4,55.2
11.4,1155.0,139.0,56.7,31.1,34.3,43.3,17.9
3.85,319.0,92.2,36.5,18.1,23.5,32.2,24.8
1.58,813.0,78.4,30.5,18.8,54.7,31.9,4.22
4.26,223.0,23.9,23.7,41.8,136.0,33.7,16.8
1.78,1526.0,92.2,30.8,22.5,84.3,51.9,26.9
17.6,429.0,35.9,28.1,27.6,11.2,12.6,6.26
9.91,355.0,64.4,18.1,20.9,6.32,34.0,16.3
29.7,594.0,82.0,28.1,47.8,83.5,17.8,8.43
11.1,319.0,55.2,20.4,27.4,4.37,34.0,23.3
33.1,382.0,39.2,26.2,89.8,30.0,24.8,15.4
11.5,679.0,66.1,33.4,23.3,26.4,28.1,11.0
9.73,441.0,62.6,23.9,27.4,53.8,27.1,9.82
1.47,292.0,53.8,15.0,9.39,71.0,38.5,22.3
35.5,217.0,17.5,15.5,77.0,20.0,36.5,15.4
10.7,1027.0,53.3,24.1,20.7,10.2,45.7,23.7
17.8,583.0,33.1,17.0,39.6,21.5,25.3,15.8
23.3,308.0,71.7,25.9,46.1,31.6,35.5,20.5
24.1,322.0,29.4,16.7,34.3,12.9,22.5,13.6
24.6,429.0,62.1,24.4,37.5,24.1,21.3,8.43
1.0,679.0,48.7,20.7,85.1,9.47,36.8,12.3
18.4,491.0,50.9,18.4,39.2,12.5,18.1,8.9
18.8,1486.0,13.0,4.37,46.1,20.0,31.1,7.23
4.18,418.0,50.5,25.7,40.7,68.5,20.5,9.65
10.0,274.0,38.5,15.8,32.8,14.2,25.5,20.2
24.4,441.0,42.2,44.1,34.6,8.82,54.7,28.9
15.3,349.0,104.0,32.8,27.1,15.1,35.5,21.5
4.61,267.0,110.0,53.8,47.0,33.7,42.2,27.1
18.6,269.0,34.0,26.9,40.7,14.6,31.9,24.6
22.9,466.0,91.4,39.2,36.5,17.0,21.1,6.79
3.55,523.0,35.5,37.5,16.5,69.8,17.3,4.87
14.5,1346.0,55.2,14.1,26.9,9.22,76.4,33.1
14.6,4491.0,37.5,16.4,36.2,24.4,3555.0,2571.0
28.9,392.0,42.2,22.9,38.5,21.1,25.9,16.4
2.41,704.0,49.1,35.2,19.1,105.0,71.0,42.2
30.5,704.0,67.9,25.9,55.7,40.0,32.2,9.47
31.3,168.0,59.4,39.6,50.5,20.2,23.3,7.3
8.06,300.0,34.3,21.9,21.3,5.99,31.6,10.5
24.4,331.0,164.0,41.0,41.0,12.3,49.6,41.4
25.9,155.0,36.5,8.82,40.7,19.1,26.4,16.4
2.69,610.0,48.7,32.8,35.5,58.8,14.3,1.54
10.7,478.0,76.4,32.2,20.4,3.49,22.5,11.4
21.9,470.0,25.7,20.5,36.8,14.5,86.6,47.0
1.0,2091.0,12.0,13.7,98.2,4.74,111.0,65.5
16.5,441.0,112.0,18.8,27.9,15.0,30.0,10.9
5.99,449.0,82.0,55.7,15.8,1.0,12.5,5.42
30.5,528.0,47.0,18.1,40.7,10.9,36.2,19.3
20.7,250.0,59.9,21.7,26.4,12.4,31.1,19.6
39.6,343.0,31.1,12.2,80.6,39.2,9.56,6.73
10.8,302.0,37.5,20.0,28.1,7.57,39.2,20.9
19.1,297.0,55.7,16.8,33.1,31.1,24.6,16.0
11.1,289.0,8.43,17.8,28.6,16.3,19.6,8.51
34.3,1512.0,59.4,18.8,76.4,34.0,55.7,24.6
2.5,806.0,69.8,30.5,23.5,57.8,28.1,10.6
11.2,649.0,40.3,15.5,26.2,10.4,43.7,26.4
11.3,300.0,38.9,9.82,20.9,4.03,28.9,14.6
15.4,449.0,31.3,23.5,25.9,16.1,14.2,6.49
2.71,63.2,72.3,17.2,21.1,97.3,37.5,7.17
12.4,414.0,48.3,15.5,14.9,13.8,18.6,11.5
5.78,505.0,18.6,10.3,13.9,71.7,13.9,7.84
10.2,34.0,54.2,13.7,25.5,9.06,14.5,5.28
1.37,284.0,33.4,13.6,18.9,63.2,34.0,26.4
14.5,1208.0,37.2,16.4,22.1,2.27,59.4,26.4
4.1,319.0,43.3,16.4,24.1,5.33,25.0,22.5
21.1,119.0,64.9,32.2,36.8,22.9,12.2,3.65
24.4,286.0,78.4,38.2,45.7,34.6,32.5,17.5
4.57,375.0,38.2,13.5,40.7,79.1,20.5,10.8
18.6,638.0,20.5,15.0,38.2,13.9,27.6,2.71
24.1,346.0,54.2,46.1,42.6,32.5,37.5,18.6
8.2,316.0,45.3,18.8,23.3,24.6,32.2,18.3
37.9,599.0,41.0,21.3,54.7,22.3,132.0,71.7
8.66,311.0,46.1,27.9,24.4,1.64,39.6,17.5
12.7,505.0,22.3,20.9,29.4,12.2,14.9,6.61
2.79,322.0,14.2,12.3,8.82,39.2,13.6,6.61
28.6,737.0,47.8,30.2,42.2,22.1,39.6,9.22
43.7,519.0,33.7,11.1,89.0,22.9,21.5,9.65
12.6,655.0,72.3,26.2,27.9,18.4,17.2,4.57
7.43,319.0,50.9,22.7,24.4,66.7,32.2,21.7
4.49,183.0,126.0,58.8,25.9,95.6,22.5,9.22
34.3,777.0,35.2,17.2,45.3,16.3,43.7,4.83
8.43,441.0,26.4,16.0,25.7,107.0,17.3,8.43
19.1,1114.0,69.8,44.5,48.3,25.3,66.7,42.9
18.3,284.0,24.1,17.2,38.9,12.7,29.4,12.6
11.0,176.0,4.87,14.5,22.5,5.88,39.6,20.5
4.29,461.0,56.7,24.1,13.2,62.1,21.9,7.5
7.7,457.0,15.4,26.4,19.3,14.2,25.0,15.4
17.0,519.0,46.1,23.5,26.4,18.4,14.2,5.42
22.7,365.0,41.0,18.1,34.6,11.2,28.1,17.5
14.2,300.0,41.4,30.5,24.8,22.9,43.7,20.4
5.42,229.0,65.5,33.7,30.0,94.7,28.4,14.2
28.4,638.0,60.4,34.0,42.6,17.6,71.0,41.4
3.02,414.0,77.0,20.7,14.2,62.6,35.5,20.9
22.9,1334.0,63.8,23.7,54.7,17.8,100.0,51.4
24.8,474.0,104.0,38.2,27.6,9.73,23.5,14.3
4.03,349.0,70.4,38.9,10.9,18.8,42.2,24.4
18.8,279.0,77.7,79.1,42.2,20.7,25.3,14.9
33.4,496.0,78.4,28.6,74.3,29.7,26.2,12.4
27.1,274.0,19.8,36.5,38.2,6.61,39.6,18.6
3.89,316.0,56.2,26.9,14.7,77.0,37.9,24.4
51.9,269.0,322.0,231.0,92.2,79.1,72.3,46.6
25.9,359.0,46.6,21.3,39.6,16.4,75.0,46.1
14.9,743.0,33.4,20.5,26.2,14.2,45.3,18.8
28.4,294.0,93.1,33.4,66.1,41.8,40.7,31.9
3.43,259.0,111.0,49.1,12.3,62.6,25.3,12.7
27.4,437.0,33.4,17.0,35.5,20.0,18.4,3.62
13.3,509.0,33.1,28.9,21.3,11.4,41.8,18.9
13.1,449.0,50.0,15.7,34.9,73.0,29.4,15.4
20.7,334.0,52.8,20.7,38.2,17.6,8.58,1.29
11.7,372.0,90.6,33.4,17.0,12.7,34.9,17.3
7.43,229.0,86.6,15.8,38.2,89.0,31.9,21.1
22.7,578.0,40.3,22.5,43.3,11.4,20.5,7.99
23.1,305.0,18.8,10.3,36.2,15.1,52.3,36.5
33.1,63.2,13.7,13.9,36.8,2.13,15.8,4.74
1.1,35.9,60.4,83.5,19.1,51.9,18.8,5.67
46.1,523.0,70.4,23.7,90.6,59.4,29.4,10.8
6.92,334.0,27.9,3.62,15.7,127.0,39.6,24.1
1.65,253.0,47.8,31.3,28.6,55.2,29.2,23.1
23.3,626.0,29.4,25.9,52.8,29.2,41.4,21.3
9.73,858.0,86.6,24.4,20.0,16.7,173.0,91.4
16.8,422.0,126.0,105.0,25.7,18.4,18.4,7.1
10.6,319.0,54.2,26.9,23.3,15.1,35.5,18.4
9.31,542.0,34.6,13.8,10.6,34.0,17.0,8.28
8.74,649.0,62.1,22.3,19.3,17.0,38.5,11.2
18.4,939.0,60.4,22.1,48.7,168.0,20.2,5.47
9.82,723.0,84.3,23.1,28.4,14.1,32.2,6.79
5.05,757.0,43.3,22.1,10.7,41.4,13.2,7.04
18.1,426.0,66.1,28.4,31.1,10.6,27.6,10.1
15.5,385.0,25.5,13.2,30.0,84.3,31.3,7.91
10.6,799.0,32.8,12.6,17.3,7.5,51.4,28.9
20.9,649.0,19.5,49.6,44.9,16.8,31.6,17.3
19.3,2072.0,46.6,22.1,38.2,25.3,99.1,62.6
1.76,410.0,41.4,11.7,28.6,82.8,43.3,24.8
21.9,562.0,42.2,27.6,29.7,8.28,15.8,8.28
11.9,319.0,62.1,21.7,35.5,50.9,23.1,15.3
14.5,239.0,103.0,32.2,22.9,5.23,5.62,5.28
32.2,289.0,77.7,23.7,83.5,27.1,25.0,21.5
20.9,478.0,46.6,15.0,36.8,9.65,20.0,6.1
