X,Z,Y
-4.7516429234943836,20.0,-0.02731520685548848
-5.0,20.0,0.025750753570397897
-4.656135710929634,20.0,-0.03903937145804645
-4.208455041765958,20.0,0.009406467678045653
-5.0,20.0,-0.14915884605342888
-5.0,20.0,0.06153199137924354
-4.150333532186244,20.0,0.04032316817817211
-4.546212565353476,20.0,-0.04150624246486939
-5.0,20.0,0.10612718748519019
-4.6386298881169274,20.0,0.1339596344046055
-5.0,20.0,-0.12055336579494774
-5.0,20.0,-0.03606985721467175
-4.758898744096863,20.0,-0.036711614336780135
-5.0,20.0,-0.05378768946893678
-5.0,20.0,0.12315010483512454
-5.0,20.0,0.02082000676466933
-5.0,20.0,0.013751136510888606
-4.672706163532193,20.0,-0.16018361579872567
-5.0,20.0,0.10374442366287233
-5.0,20.0,-0.08372321884339758
-4.066975415339023,20.0,0.046195883668582516
-4.902677940033057,20.0,0.06794031443776889
-4.7460156774358175,20.0,0.1762684802258148
-5.0,20.0,-0.09067941926996154
-5.0,20.0,-0.26174859494013286
-4.694288454894817,20.0,0.05858757511731917
-5.0,20.0,0.22025373879303506
-4.541880720556894,20.0,0.16409725593589342
-5.0,20.0,0.06116856216941226
-4.855556584606348,20.0,-0.008960997921255057
-5.0,20.0,0.12091488030568072
-3.763550597435221,20.0,-0.05715199932849718
-4.686428292048647,20.0,0.08783839757757159
-5.0,20.0,0.09074963655861236
-4.248387203608066,20.0,0.14622361139183765
-5.0,20.0,0.31616862453305744
-4.535207842137262,20.0,0.07944421735982639
-5.0,20.0,-0.010693741928800196
-5.0,20.0,0.03764518942275024
-4.511178991675048,20.0,-0.13670496984696215
-4.230366309601894,20.0,-0.02926869246695614
-4.503905448994605,20.0,-0.0007256231693607215
-4.6374037207737,20.0,-0.012206219151509573
-4.720121417364214,20.0,0.05543810784532188
-5.0,20.0,-0.042039372596270386
-4.909471653746904,20.0,0.15230568737439681
-4.769858925019434,20.0,0.040223327133769415
-4.000968416420072,20.0,0.03927258852808705
-4.347710374735289,20.0,0.007413148990657897
-5.0,20.0,0.0557216890278476
-4.337457514802102,20.0,0.12271244710871315
-4.682030629697648,20.0,-0.04651040092914034
-4.817940479632459,20.0,-0.025609028265575984
-4.163631325049035,20.0,0.009830017764283216
-3.943959698211484,20.0,-0.09438447170537181
-3.9838093898913502,20.0,-0.041723165330200096
-4.859048201050759,20.0,-0.007419466712516205
-4.5840356173550365,20.0,0.12764153871322242
-4.253787703717638,20.0,0.06645875354214222
-3.92163684584823,20.0,0.05956161177870414
-4.638986518322045,20.0,0.12529241685874692
-4.482218877721298,20.0,0.026465441802010017
-4.932546866382394,20.0,0.07924910563483864
-4.9674726814097045,20.0,0.02988044534870006
-3.9530964481622606,20.0,0.06673885558191253
-3.6712293350639382,20.0,-0.018073245119208527
-4.3753444001295065,20.0,-0.20367909518569324
-3.8275628803833177,20.0,0.026774704423319265
-4.1385013067955025,20.0,0.1824774342519437
-4.631869186611872,20.0,0.1328241608661089
-4.118601496545093,20.0,0.13674236910106674
-3.520271006056305,20.0,0.16381569282257147
-4.297192298834255,20.0,0.04906837973809345
-3.4869474413622665,20.0,0.059934191382509286
-5.0,20.0,-0.021562568901485335
-3.8382979970616375,20.0,0.008595335039244707
-4.195715705120154,20.0,0.10177973561906384
-4.378732904462163,20.0,0.1605910643588313
-4.173338830951469,20.0,0.026257993073849725
-5.0,20.0,-0.004816305843191482
-4.309035143117955,20.0,0.04025541652760941
-4.010632903433316,20.0,0.10032329553486119
-3.4402321568084213,20.0,-0.1041828609714045
-4.428304278305993,20.0,-0.18941547467177414
-4.5634059606057535,20.0,-0.014851064307208672
-4.400027670941418,20.0,-0.08186862194946619
-3.6814380802881024,20.0,-0.01061139912278141
-3.964753574299287,20.0,0.02542458876020253
-4.383999221002639,20.0,-0.005122220260351661
-3.8524753925524315,20.0,0.18544937408902423
-4.05056032442508,20.0,0.07287709710218168
-3.604766593822645,20.0,0.07025005660303252
-4.430105626017756,20.0,0.10242333504628988
-4.232900142367954,20.0,-0.07368069113612724
-4.255113135625138,20.0,0.14411379938397656
-4.780806523115109,20.0,0.03262619198840369
-3.8909789005067514,20.0,0.10725068236607094
-3.898501392939085,20.0,-0.06698310266206586
-4.016462290697789,20.0,-0.11517325595965677
-4.126302575696583,20.0,0.12199158644445254
-4.706684370024206,20.0,0.07784357325170135
-4.199311650371668,20.0,-0.05000253479380136
-4.150336237242364,20.0,-0.04676368748551976
-4.370107603579778,20.0,0.15274609908342662
-4.039601814791963,20.0,-0.07873856864478311
-3.7469235205416798,20.0,0.20446991596754605
-2.9958459883336737,20.0,-0.0498594528228372
-3.841640022513009,20.0,0.10404181320278798
-3.790143723557537,20.0,0.007340773067051221
-3.9461318667919922,20.0,0.100521363750184
-4.8582845065484195,20.0,-0.01420877956946958
-3.902145826613497,20.0,0.02392333003472026
-3.8487637739083658,20.0,0.04429453818152179
-2.6372478126262258,14.0242578575942,-0.4835327761195257
-3.95503934124942,20.0,0.11428505518396224
-3.6980751776820426,20.0,-0.01111873600520883
-3.8561947236914604,20.0,0.017342629107947823
-4.4131678476385945,20.0,-0.05923231681890155
-3.2474074115613085,20.0,-0.21603074523758137
-3.4328422924654216,20.0,0.02109984438193278
-3.4032828252772753,20.0,0.28146416280324127
-4.243482516186158,20.0,0.11866304943175207
-3.077381623310729,20.0,0.038276582668510216
-4.469694300164909,20.0,0.013913537721122915
-3.4653302118586238,20.0,0.04244920992315432
-2.6535209358437593,14.089327404865594,-0.39183911352737577
-4.234006901304083,20.0,-0.0778786608889348
-4.011877593530115,20.0,0.1516347901088369
-3.668893036174898,20.0,0.11174075218607409
-3.9604465357668084,20.0,0.11202119321274313
-4.474030414231765,20.0,0.08405019452292242
-3.654407201285675,20.0,0.04216428641134867
-4.209830535541731,20.0,0.10748874423863165
-3.431872453351078,20.0,0.09938403401608747
-4.118370775775561,20.0,0.004798549547847301
-2.8736814461398787,17.79847631369461,0.028587064421254048
-4.030265284806757,20.0,0.05038825016814835
-3.7896593867314663,20.0,0.19510463579146842
-3.2118600099337837,20.0,-0.08370808692344041
-4.224040766825587,20.0,-0.10654990593329433
-3.484868631296534,20.0,0.056678704765601357
-2.9350172114473745,18.959397764614327,0.6115352694636943
-4.382320195859192,20.0,0.0575367870789905
-3.4762516393024163,20.0,0.0645979404327997
-3.428617161434347,20.0,0.01788239517846917
-3.1576371126598937,20.0,0.1891889645021579
-4.157013893977579,20.0,-0.11988777720570187
-4.1887568350706665,20.0,-0.04264708183607492
-3.25754773571007,20.0,0.029877144627044945
-3.3600161718919157,20.0,-0.12411626047346702
-3.37325207332556,20.0,0.022617180198742568
-3.3152643837400007,20.0,0.2063496372147515
-3.818490839267724,20.0,0.042291269471545864
-3.3523416198879668,20.0,0.06327271121381803
-3.3119222218091178,20.0,-0.08581385587530835
-3.8056241574616325,20.0,-0.021433520161998065
-2.50555118286606,12.181494231358776,0.345471355035809
-3.191511967972535,20.0,0.008431110966326275
-4.014070167019743,20.0,0.16836700014232656
-3.080131604091494,20.0,0.09597172671446214
-3.885739233512059,20.0,-0.07094317505175352
-2.994846086517162,20.0,0.06485309848515017
-2.799080588874676,16.290577081565935,-1.2280531111154769
-3.7787095275442235,20.0,0.15421752449407633
-2.876670293736197,17.857312569229833,0.2953863988794593
-3.141957884880099,20.0,-0.06130679854083719
-2.927308258341093,18.815715619782456,0.52802071251027
-2.3799318370013545,10.860557306457485,-0.8413513612440935
-3.4410123763197533,20.0,0.016800634731251558
-3.6851763904870527,20.0,0.08683845808658311
-3.7430555131110594,20.0,0.13893607230085986
-3.6961934307710074,20.0,0.03260751827769741
-3.31682913298533,20.0,0.008217868316465288
-3.0976922808599463,20.0,0.05537841986682372
-3.1199128585932483,20.0,-0.04331166952105263
-2.834656623730236,16.99648596127081,-0.4970761842063608
-3.2317372922992846,20.0,-0.1205634820698562
-2.5014611896495698,12.190473943712345,0.40504314968189603
-3.350546634837196,20.0,0.24256324256491363
-1.8481236249133985,6.237538372747266,0.2675667169736477
-2.885364524315695,17.928084486001143,0.1776106966421752
-3.6167669663963293,20.0,0.004458078360906961
-3.713624427208734,20.0,0.0221634524657089
-2.9269319605465753,18.513211377346398,0.6849826896445067
-3.2698895508210835,20.0,-0.180983570491001
-2.791147901102102,16.393796651828765,-1.06111643184497
-2.9015193258513654,18.103530065756445,0.18752581072911675
-3.1645425844565644,20.0,0.013537387718508202
-3.54151497715232,20.0,-0.0027218213879165037
-3.86553172045104,20.0,0.09905794761902166
-3.3213555741316085,20.0,-0.11960981454642508
-2.6598886909263517,14.161295331049748,-0.4705053471668655
-2.971031206012976,19.45189338360682,0.6483437753960177
-3.690937457424062,20.0,-0.09611477981733138
-2.971467595132467,19.36124747046608,0.5110698289854516
-2.8553893581836296,17.425250877916564,-0.3386532540735106
-3.4799667561386043,20.0,0.08279134126125326
-2.951165475055264,19.183483217308396,0.5634679915130654
-2.988913658795018,19.88648299836052,0.07474586739237483
-3.5794931569233195,20.0,0.08898984912905708
-2.8191043178238564,16.77435312386244,-0.7351175824748523
-2.7075957248038707,14.950243850293026,-1.2190388184623684
-2.4364523563903395,11.44464034667665,-0.05816440938222235
-2.4410669419505164,11.539618146744766,-0.17331837013710577
-3.6467926419365035,20.0,-0.0554410170398512
-3.4168604679055092,20.0,0.08744324842998742
-2.680420304333608,14.521025593469128,-0.7099051661843747
-2.6710349524718233,14.388631519043251,-0.7002904225375404
-2.660394074764894,14.16166348847942,-0.5483873978813074
-0.9815421625805474,2.843526110983352,-1.8234452418369003
-2.612452642551314,13.508059074771039,-0.04556841376863133
-2.3201050677975883,10.107452978149892,-1.3187170954415888
-2.4008769961312764,10.961007177449288,-0.5244026730341631
-2.542172242214969,12.796736662133478,0.400995378098292
-3.0154924801780307,20.0,-0.0068015941340004715
-2.4683632376012143,11.92788634992411,0.2787938010484374
-3.2242504451066236,20.0,-0.003469352962109873
-2.946237131197832,19.062095040070194,0.5853430461428282
-3.0604995917323694,20.0,0.2501747995586012
-2.7668707381146462,16.123288231689465,-1.3862554553186688
-1.6404685144610434,5.038825507680517,-0.4924546159503048
-3.721420384083662,20.0,-0.024551559921566254
-2.434647682590521,11.47517511820962,-0.02755948183401169
-3.5741257033625935,20.0,0.022080203320139383
-2.9937236906524745,19.94133989313672,0.027005593275119727
-2.2032724492640643,9.041613705093711,-1.4316587253754398
-2.705597728190006,14.967639126336087,-1.0694211358509256
-3.2666001166923806,20.0,-0.019839735931920836
-3.075369572347702,20.0,-0.14645137449411194
-2.36790883324037,10.896097926548293,-0.5785159346676764
-3.062881013556266,20.0,-0.028260361934050723
-2.5794583928967003,13.053012133193286,0.44230715664872733
-2.6548917577257707,14.214618192983185,-0.7656692036642515
-2.993467841470576,20.0,0.12946235447188062
-1.5856856129949948,4.8022703743458495,-0.8178953395195298
-2.330688136488642,10.448928274209369,-1.0398164089980868
-3.650208930966441,20.0,0.04162992742559309
-2.5344004702429137,12.5535103650907,0.3706921252986544
-2.948510850001812,19.134421579051832,0.5348453620239486
-2.1813909402094955,9.021459165622788,-1.4880760486285702
-2.993857966813948,19.924636199419933,0.11698277948244654
-2.644955808321037,14.062464689781981,-0.36196268051764463
-2.325083938087349,10.169370438390034,-1.1391360007647868
-2.1346899704825066,8.352949306140802,-1.293537856435723
-3.1577057610854458,20.0,0.20192387813881207
-2.7147981654680216,14.979167720953496,-1.2084003136903192
-2.7750101931180158,16.042198826932573,-1.4829216689639717
-2.8541921438143834,17.283409506007683,-0.5497824382617913
-1.634790397376969,5.151761553024365,-0.3664538706665933
-2.30501665202703,9.86875561208161,-1.42140919548947
-3.12793947466502,20.0,0.02744770860419626
-2.0285565139600994,7.686456356312839,-0.36305330342206993
-1.4163993789711609,3.922877458770916,-1.6770209213330398
-1.951234837191894,7.074777883367031,-0.0005540178714898466
-3.217142440434464,20.0,-0.08503672379936222
-2.6895644838805732,14.604297333151216,-0.8957682394940006
-1.8039818628441262,6.241041592555657,0.355857416203081
-2.781262160236818,16.181280480855374,-1.37741188232466
-2.1955077033443033,8.914060205362409,-1.7731892049772164
-2.0200903806927393,7.53342937571572,-0.35115590535851854
-2.860862633186439,17.532429019197625,-0.12155515426927771
-2.4171500654182876,11.221455517455245,-0.3062018445237268
-3.9980110474119135,20.0,0.16378083982416508
-2.879561188034512,17.714390418947804,-0.09754029850521889
-2.4836414330539376,12.001763082185791,0.36405702117277605
-2.971238938329772,19.37471239856718,0.6049336076738361
-1.5211316853715198,4.566279838332042,-1.1193229241151592
-3.0423980163076436,20.0,0.07216780323384742
-2.537339560665809,12.572429314371034,0.4162371596800215
-2.2419370186642618,9.535153296454306,-1.6228600425776878
-1.5766606527642395,4.947901479311266,-0.5127231303117145
-3.005218362877007,20.0,-0.008520235769405554
-1.6956954011997976,5.341203610142176,-0.24501126967558648
-2.262150736757474,9.57208120391159,-1.6054030179410947
-2.748011582781233,15.732868479057071,-1.5637851945051353
-2.016195510115612,7.52387163034876,-0.47090485075133837
-2.1377073894505023,8.711907002241817,-1.3354294698542635
-2.527335665806625,12.5594357020568,0.3514234422537624
-2.182316174722208,8.886024508378128,-1.4329898839459305
-2.3998640056380873,10.990765746312478,-0.5357656503681848
-2.1404385245715734,8.516519748965722,-1.440930641419406
-1.856121849926664,6.383625816828213,0.20045984055237628
-1.3841687691045013,4.06231752949105,-1.302016004246022
-2.786074916580592,16.312910923639294,-1.3630020965220444
-1.090640469829024,2.897580669475245,-1.8819438653363447
-3.1231910469083983,20.0,0.08640870996713934
-2.213029684654929,8.959755480617916,-1.45438492914871
-1.8329685238848392,6.303218726778562,0.2449740149864995
-1.976621183249601,7.107975719737363,-0.08193399757057462
-2.418456867017404,11.013229781929601,-0.41667672727317084
-2.201158222275735,9.074330387331141,-1.4005919728554734
-2.333587554416504,10.564180379855598,-0.9099117008927421
-2.371759455549183,10.715623346760507,-0.8529886484399163
-1.6422660185565547,5.250713544945269,-0.3372272615179728
-1.8785493140745335,6.552187613338058,0.16034762991990414
-2.3935018446773744,10.941889332207204,-0.5800363562268234
-1.587237099320412,4.982126704831607,-0.4711786049054848
-1.8733772665887225,6.481218695731892,0.3974090744080898
-1.6105859575975372,5.032482753504923,-0.39783634873809076
-1.6921925860452012,5.463546199939926,-0.22878085231713652
-2.4114945024580337,11.083804272256922,-0.381227005859395
-2.267077507085472,9.750358364203105,-1.6614201733008627
-1.6033301744153463,4.952058405813944,-0.5816854832905335
-1.6617818342502346,5.193115902634478,-0.2838731807453215
-1.9674077539390311,7.205763386557334,0.10585846435742452
-1.8882832552925561,6.51816786547736,0.5616389452927184
-1.2981044890427247,3.6651661789755674,-1.6379187947514269
-2.2227126213448423,9.231428874323033,-1.629978283983107
-1.6433682263318983,5.281152121940502,-0.17588841222503834
-2.008003233123854,7.4958995342579735,-0.24818603125686622
-2.0057374985105074,7.429069954108903,-0.30955752464487657
-1.337498460893292,3.8912785878601603,-1.375575326877987
-1.4641687023828622,4.462968013691298,-1.0238319298417533
-1.4601120488665478,4.362223063896504,-1.0973154167695085
-1.2041174532796926,3.334850793370741,-1.7612087723233045
-1.8363449260304676,6.1423823330072125,0.29669931064897087
-1.4958603511893551,4.356663432930431,-1.0686361344436859
-1.981960205123555,7.226431700502809,-0.1713169446436802
-1.654733640572596,5.170735007410591,-0.38554537420826007
-1.8718783339906493,6.481797909630492,0.14714061617376795
-1.7482988143004379,5.7504863430008415,0.15527131052758372
-1.48920827406833,4.4865532211408965,-0.9450805997830832
-2.185887118393513,8.891489232839188,-1.456459588709043
-0.7205731289240365,2.1042611676032856,-1.2412032678796328
-2.2597654475066076,9.587289134372527,-1.6065604777095284
-2.353841053140613,10.328376148163883,-1.1485666852608774
-1.1576812999867028,3.088611806911071,-1.964669898237726
-1.3308953797452587,3.770021617754735,-1.6758616567851787
-1.404656808190639,3.953158819568556,-1.4394599741467182
-1.3925339520745665,4.08502926401039,-1.3173564122454775
-1.7028200831201539,5.642481248870137,0.01809829063991934
-2.1353138724296024,8.581577542386025,-1.3233447368520226
-1.6387743975798132,5.127510907123111,-0.5223371680857551
-2.005247522422722,7.577004862702825,-0.4469021561810366
-1.1690967899477809,3.2339505619459366,-1.7573982008769775
-1.7201753373977158,5.551799129700809,0.04416237882261003
-2.0493852350328923,7.701786874068407,-0.4787153868722555
-1.7873195474531232,5.943172551991005,0.2048016260570949
-1.4101508894788042,4.057755805423132,-1.4245318175768127
-1.8884688830085938,6.62628303041894,0.15770540000584327
-2.0077067943798124,7.462279433162866,-0.23694166245800735
-1.4647429808406303,4.326735723714372,-1.139531186434402
-1.454093291022215,4.324294263603427,-1.1347859460738976
-1.8200381542521313,6.291158564497993,0.21725316483245133
-1.7920757093657178,6.096853154425212,0.03011667747198804
-1.4305215778677283,4.032389480585409,-1.3364832768486403
-2.2605787072851986,9.33324446179774,-1.6707893507513292
-2.230258413714804,9.39570159408663,-1.7109914970261102
-1.8757386271427343,6.388949483703566,0.3372097083713176
-1.61323008236243,4.996520306321992,-0.5378138461259134
-1.341042713697494,3.70601644858763,-1.5697576377098335
-0.7488083780117104,1.9342808115196388,-1.2016481787503255
-1.0476466648754668,2.9050802870321046,-1.7686067459480983
-1.54643573144818,4.770622645374616,-0.8661789761936802
-1.4659645604078009,4.27406839087103,-1.1108128814329021
-1.9477111287653508,6.7535139879216635,0.20411782309391854
-1.4456930044326313,4.190168339153718,-1.3467165535133117
-1.5707557458864954,4.84946257192456,-0.6337012413464619
-1.2550571362473717,3.3601476479121333,-1.9991828906693756
-1.8200218781825679,6.190329472384524,0.3027555919022701
-1.1367231392758101,3.1150081648297787,-1.9583565616528833
-0.6200169298850975,1.9168886635110094,-1.383096829053465
-1.4307564506048052,4.1938194041596475,-1.4587089787259895
-1.1655105053168957,3.1102530476200734,-1.744216363965488
-1.0112843605008002,2.868786772194684,-1.8923183800795127
-1.5469565822892644,4.681300051112409,-0.6690215275297412
-1.224290095431128,3.39901985337093,-1.8643345055697624
-1.3200301259354288,3.6502073571229667,-1.8773317416201911
-1.2674782670419005,3.5075561304347818,-1.884571787600558
-1.6928111982340395,5.3462571030295125,-0.049586510013134785
-1.284041209166825,3.5939093016376185,-1.7505514618000932
-1.0372871406635615,2.992722996126435,-1.9047892943324067
-0.5507044723787554,1.5972843626423137,-0.9337248133240705
-0.7866308532236628,2.034629212010908,-1.3004731135367247
-0.17966502750047808,1.3439334281389061,-0.5983494950955928
-1.629920027690271,5.08253419849239,-0.26899277846973274
-0.8000759178758972,2.158802619380131,-1.4883614683987816
-1.1345552233570504,3.2137805420109844,-1.9815571953091053
-0.12131474960738009,1.0684186485524905,-0.5078166182798008
-1.610355348883782,5.187190258470845,-0.28835582570858215
-1.6160571172865843,5.100998388156503,-0.4923518315816894
-1.4858825089081973,4.370072238012063,-1.235105982876279
-2.2381240383310796,9.591457097656644,-1.5708101331378912
-1.4290436770065467,4.114133423716312,-1.3821389309352905
-1.5357224869330053,4.71888957585054,-0.7800442755030801
-1.0709492529080424,2.9480775043984178,-1.9201292205821356
-0.9652581482475564,2.755639457214312,-1.820768737110573
-0.18804070651818305,1.3630337620126147,-0.8202709834828623
-0.6409041970230911,1.9013968620657347,-1.1449006838697549
-1.3945579339373078,3.9578494544793226,-1.4018863823806245
-1.5453034317702752,4.735391536680282,-0.9507913692195205
-0.8401265003328333,2.248888479533829,-1.613906487665874
-1.7361926795863973,5.8770317766106706,0.023607240571883764
-0.15033668313888926,1.17587901169383,-0.6231715571744412
-0.4663359956954126,1.557610379272933,-0.920233180413143
-1.2806338720983985,3.6173882884323336,-1.8684374187860782
-1.892603300581475,6.501910708209804,0.16153050048098117
-0.34908983894331946,1.320615152317299,-0.788918311394059
-1.073285938642325,3.0450164054297835,-1.8333862608473432
-0.3870978500192752,1.4070111601068696,-0.7620787091650951
-1.7932098253931792,5.904017352373547,0.11241713114621049
-1.285673497462872,3.6707685221571467,-1.677861208473763
-0.9733541261168841,2.7653777284818863,-1.8555944466749321
-0.9424756690835946,2.638222267708526,-1.7795461359961322
-1.1809886916955774,3.357198135337011,-1.6549740994599105
-0.6345209797721962,1.810438927289562,-1.016763637042626
-1.4697461506272327,4.205950163895402,-1.425367404643548
-0.9971156684365723,2.8605860639092806,-1.744532203547957
-0.8557681000599662,2.320913181300264,-1.4910191670205097
-0.6486864888765311,1.8879430949110387,-1.3366045348771267
-0.5400884568514508,1.848978075647605,-1.1044257821582883
-1.44820693180482,4.3111003101210965,-1.0429056920781417
-1.6429329612436867,5.215900396578855,-0.40018917451244723
-0.22702745491661103,1.4713645541527054,-0.9215550252539753
-0.6896988498660597,1.928763392902548,-1.1566707854955267
-1.2200891141241224,3.4802736061473607,-1.756329601688641
-0.060259848074574074,1.0678138110684499,-0.41082112804050785
-0.7679885086793962,2.1822854969813203,-1.4366564478175177
-0.2261672237839023,1.4066321531139387,-0.7295872908536756
-0.7720465651007511,2.214974457755274,-1.6283523478248645
0.23457816664519804,0.844734017035722,-0.18998086489616745
0.09188463543581671,1.0194611139589664,-0.3095202118744817
-0.9002578500153122,2.423742128674925,-1.6620285890653044
-0.2799802902885878,1.2391827673537723,-0.6186998862534104
-0.4330677809631817,1.4374998146958444,-0.9508558502082892
-0.06142996697957115,0.8667203649493138,-0.2588342979883363
-1.2181974660257877,3.586708425048185,-1.6811805791773033
-0.3826999957265058,1.3559172498151615,-0.7274410245459051
-0.18650347229092157,1.1829034439304391,-0.4518959074615547
-1.5850754489172627,4.851978199663485,-0.67885752219548
-1.287324952028583,3.653822333540236,-1.6482186911899588
-1.7053017745657357,5.584619817261082,-0.09256606667955913
-0.8103790928979543,2.334807663010893,-1.5839948451441768
-0.3068945377676844,1.3008898726413374,-0.6878199178026573
0.09552287039235863,0.8921854031931824,-0.30612798954210196
-0.6085982554357579,1.8661113863974421,-1.2389090883287839
0.1786721371500105,0.8115109597848658,-0.28498059987970414
-1.3156763547330712,3.88800564795804,-1.4748527558695792
-1.4673068352931926,4.386635188290285,-1.1667547032373613
-0.6333794550539148,1.95745439234792,-1.4445173321506786
-0.40356287112594175,1.563437483552564,-0.7424882954583352
-0.6019329596326319,1.9429916744416436,-1.1329361943650664
-1.6092966255955137,5.017395771580014,-0.6070503021007649
-0.6101255853219596,1.710979349669762,-0.9887617533625839
-1.207790305807982,3.3860514532484696,-1.8648193482438662
-0.21070927113052612,1.1694176931936866,-0.5261692027504228
-0.35223641248711124,1.3693830522131183,-0.7043456176255717
-0.9954654186892029,2.7646198653993186,-1.8241215106239272
-0.772448974183862,2.2888902545887726,-1.6281884695858635
-1.035112266449981,2.817549453022183,-1.8856056442044467
-0.5268350441320813,1.724447064185553,-1.162056287582181
-0.007914325234866182,1.1781672207550797,-0.6433566002593955
-0.9683384986432472,2.6576404681262784,-1.7674491748621377
-0.2134422077065431,1.4981002646920476,-0.9267755634495262
-0.7205842646416757,2.11218485861498,-1.3468974181546998
-0.8418818615766174,2.1446538870450214,-1.2924677092815666
-0.4889506154127142,1.7059383530285852,-1.110975970145687
-0.9430465866351123,2.6059083545440553,-1.7138151583715013
-0.6922400680890063,2.127161873070681,-1.3772375033712463
-1.0043443516998294,2.797434824653863,-1.7636294565719475
0.5869671710627994,0.5421654181105889,-0.10906698180087576
-0.36775360939952095,1.322056263700733,-0.6155833861181174
-0.7252381293716679,2.0443205059029346,-1.3106351130701193
-0.25837540999825426,1.209772772155673,-0.7118387156085723
-0.41151938020077006,1.4510566093790782,-0.7236472132702818
-0.4558301451119565,1.636340219358667,-0.8982084462548742
-0.028251985313622607,1.1956453081181893,-0.6518851721074113
0.05342852969832734,0.9874408435306734,-0.3972055777273095
-0.5805658891205789,1.6674611102893897,-0.9481892831308871
-0.5932144256276453,1.854256798692475,-1.212066270815391
-0.4328211438711172,1.6612636200136126,-0.9033391369002716
-1.4362458676530776,4.143902180896356,-1.1148312549278114
-1.032870806374551,2.79571698927196,-1.8889219772097707
0.41817186845699705,0.6597179059204493,-0.31549151014916976
0.5672286014953867,0.4886050775555331,-0.06249540324997137
-0.3697632650234343,1.5122199691924543,-0.7964776935284789
0.05304324629264806,0.9362441845887959,-0.3845363233614124
-0.06960014795345709,1.1140326667794782,-0.3594493724340092
1.3242251890124037,0.17725976816758426,-0.1407061711321955
0.35458225051208325,0.6577205892141068,-0.10696925129456633
-0.2591539909355784,1.3680714718352036,-0.793130459647373
-0.662955405485398,1.903235573047212,-1.0636377309517768
-0.9783983353039614,2.832888477336528,-1.6214063538762413
-0.06343334723155356,1.0255248471172038,-0.5080316372676268
-0.5333305277973068,1.7270685555742897,-1.1278626495409578
-0.8562719999439822,2.447626314892286,-1.567567356144355
-0.4584215772563984,1.4397390455533967,-0.8385736724190683
-0.6658991269323227,1.7701587701632526,-1.1178814089306834
0.7284557024211673,0.3300881444572622,-0.0350784249892069
0.3357147733696202,0.8410853747708095,-0.4841308449548489
-0.09908141575340375,1.0489703770184882,-0.45182304215503843
0.6548869843599281,0.7753206995484778,-0.316751930212262
-0.0363909212512659,0.980636416646725,-0.44496922157855856
-0.4957071657291969,1.6601138837998681,-0.8651815535891189
0.7065069835797736,0.6475755167833348,-0.29624177242255056
0.2244099767972843,0.999596789692122,-0.3292865315816671
-0.5536581121982632,1.9457554207018604,-1.3014256337581616
-0.12019436406682911,1.2485526408104242,-0.6507615122804372
-0.4528241417073937,1.6751538340700092,-0.9447850723092581
-0.6964048704871731,2.065778698851753,-1.3428773648307848
0.4680937787708257,0.70403090474224,-0.14611032243061214
0.9697233352500803,0.3240693598939685,0.06083884159905936
-0.6742587618845456,1.8807578109457224,-1.2484010663815266
0.31651965338032045,0.7283432446392197,-0.27918342036902366
-0.28027623951586855,1.3064769013112576,-0.7840267103091199
-0.18850763682729307,1.1621234990775673,-0.6286990138104056
-0.23113189705436954,1.3296641668767686,-0.4019670010149919
-0.35692030976483297,1.524452515043847,-0.7558147139090051
0.10934589905749856,0.9052609815601671,-0.4733731608337328
-0.3203799631104238,1.525404129612184,-1.0134349936015505
0.24033351799502448,0.6721966388512675,-0.13630640339616915
0.0899960603905466,0.894568839882286,-0.2756754928394351
0.005651101691920207,0.922682603687469,-0.2963417917809482
-0.31864669588566386,1.1886116904484818,-0.5948481437644144
-0.14324052013902128,1.1457392617083042,-0.5444957010508747
0.5328507680680331,0.5747546320771756,-0.099557600530708
0.4156237589773555,0.8112734902853252,-0.2630832171949371
-0.3136024472241004,1.4314268072491407,-1.0139411245068757
0.23485133789979806,0.6882697038550861,-0.21680562955206217
0.5708887568810896,0.7504323039928302,-0.3169201163783292
-0.6294974353554808,1.998770565199047,-1.3024005002080914
0.48689531140518266,0.6727411343490382,0.11372003856678953
-0.1060866542476982,1.0892698148842634,-0.4471122703897464
0.5205345695318149,0.4982588966581877,-0.12833182940220766
-0.13638433302601327,1.1089016240030218,-0.4082387664900062
-0.6471857950770044,2.0190325447441935,-1.2890846368857933
-0.5485059536763162,1.9191240216599879,-1.207820768536658
0.29931774860596616,0.8956481702251432,-0.27050748532706015
0.41514653614602615,0.6113585818959002,0.054628785006510056
-0.1568630172569091,1.0578736123399728,-0.5708437513806742
0.6246015346939922,0.5495633788176238,-0.07278005688249854
-0.5154447158191647,1.4975390242826436,-0.9473039681363723
0.2922854260016669,0.7788721906504182,-0.19454742878949677
-0.270172764545893,1.295430527067613,-0.7572512605506065
0.019427291444265637,0.9341565520673213,-0.40160602517893906
0.37905469101356226,0.5250378684699684,-0.13829372250662955
-0.06484131727661097,1.1183497087758176,-0.4108682077407417
0.18309760326046257,0.7794167948502012,-0.1586097367921799
0.8885317899926055,0.2942674408969096,-0.15295120864333211
0.10694946063382088,0.6113448637276879,-0.14552495175165184
0.8232514614379762,0.4362504430610809,-0.14303925236189263
-0.1494380119133938,1.338406648829277,-0.8308165805793905
0.6903275143830667,0.6675377440420316,-0.20352736569478622
1.1562197457643855,0.2689638554214583,-0.05344335771998879
-0.7903768046181994,2.1440056266095517,-1.1980052622016437
0.0570078277202169,0.9914641009848713,-0.3608742620506138
0.7540015290557354,0.3706415971191934,-0.18730519103000326
0.37395278245397895,0.7181885871593549,-0.268206153016438
0.6710584221711398,0.5877752884427081,-0.036724191589442
0.19350290213758503,0.9467607670229676,-0.1606057811850916
0.5488003992419552,0.5676269274559216,-0.2874367625554688
0.4376768978194756,0.6251669476952146,-0.34635215489819976
1.109416556355429,0.2419530375837981,0.16999316749411372
0.6627459571861419,0.43274599427134436,-0.031816090420620724
0.7143468765831464,0.46686382978983976,-0.17077219652894637
0.34961707249432167,0.7416945365248354,-0.17280668743228392
0.3217624535293186,0.8162288228990218,-0.5386112752259451
0.3592964816657649,0.6178494317835237,-0.15411614481095123
0.7828116567747339,0.6063877980815231,-0.11564153634572721
0.3851033551854639,0.6532679516328886,-0.08133544499345222
0.7504930340538118,0.46999698791239364,-0.18659406468009615
1.6533160149383346,0.11669295506001845,0.007585475230624436
1.0611879773414716,0.10362044702832718,-0.09273863520023314
0.47262386955171487,0.7117690330906892,-0.18229142129193793
1.2462526067276178,0.3612648469200859,-0.13618305021451138
0.4516179691448797,0.6084645673839728,-0.19031833358490605
-0.3533966019232615,1.4305948229798866,-0.8908074844758078
0.1716325202169734,0.8938825621207627,-0.26478605427786633
-0.2497102748272424,1.1273988703991886,-0.43033343761114307
0.5199389536750412,0.5416515746379397,-0.1398845449013893
0.7149148953004814,0.5686602140778085,-0.125520393130555
1.553934371853357,0.08598560962652602,-0.14426357507521212
0.8891894126078068,0.44034455329225636,-0.10358619652918612
0.6261854713313033,0.3989690869425659,-0.06380770035137384
1.1604485363374901,0.35998860071215133,0.21581855624023577
-0.3498118987481871,1.415236497084419,-0.8879472789193628
0.8835730448200485,0.25179033670035533,0.1273962569931136
1.1612083727192588,0.4295815369580365,0.030076036666268735
0.046492662895864734,0.8811124066554438,-0.29254371731060447
1.36767281739926,0.17367375777399374,0.1694647243628542
0.9750540095530126,0.3972289018459666,-0.020987374125065128
0.6081718588654149,0.6592088346116608,-0.13818385389615237
1.142216758878968,0.21752866348039296,-0.018060779196209735
1.9711822647380335,0.14546006370077458,0.11904283257638759
0.9367789733750931,0.43476973661147134,0.0381178858159079
0.9799661490060236,0.44463436444649546,-0.13781331820979037
0.6361854160957435,0.5469518219763265,-0.25083388532324125
0.45095369114347966,0.6003175572701926,-0.1655719218329726
1.3010537941580083,0.1894857298254729,-0.08847307984451364
0.46785398294146197,0.6349593623361118,-0.1700073636837332
0.9416890245156018,0.2827547110482813,0.09807259340746613
0.6770871925333573,0.21595977304505437,-0.05821908671686846
1.1654158387991216,0.35544895986860797,-0.04917654843163484
1.1027669885794098,0.42234479041329753,-0.06117157636844137
1.4647159180748952,-0.005149597671011946,0.08457231603740181
0.700947756528582,0.3951418143133047,-0.28218375121114847
0.8310284983192799,0.49751646701328844,-0.15733053637069047
0.48659411808482195,0.8204660315924835,-0.25679799928520364
0.76383935594793,0.4679537023467756,0.03562713839149048
1.1846462425184217,0.23305406450772043,-0.06463957414264722
1.3845003143286816,0.23215927015350923,-0.20294255908190606
0.554933353927203,0.7115981640479214,-0.14575530083250193
1.4608289860788557,0.1674474159549677,-0.06918541104597314
1.7138549654385111,0.10025070274874934,-0.1189875670643301
1.252763497657896,0.23743978230682872,-0.07868938262612209
1.9944539623350885,0.04075508219950687,-0.017247229884046734
0.6791714665142792,0.5193039470438233,-0.16667864177980996
0.4537487244203672,0.7977101799258516,-0.48310855512982026
0.1967259616339464,0.8537236292009364,-0.21132434067523614
1.8441182518406873,0.13292937066164648,0.1252898271481587
1.4332889342831345,0.20934201692869012,0.05373257659504298
1.088323780660888,0.1804614580256068,-0.12102510649632087
1.2661104392860358,0.3702370381995176,-0.06956599064660156
0.5733916124869475,0.5558269248141046,-0.1237790047350243
2.369022135954559,0.07552419106871754,0.06079793122526461
1.2207667471437695,0.6143146435821629,-0.08574847681605681
1.2208635634686122,0.32485061782466157,-0.10960763271632135
1.539059488125522,0.13940371923549844,0.005444533244850773
1.4266908020545424,0.19746639497457597,0.03611956032616325
1.3081382083357616,0.3851674439608721,0.09139188126482298
0.8109689784835499,0.455754258157788,-0.009090007361821417
1.4519503947842136,0.0902854314630693,0.079336804577812
2.1672384744637427,0.2064162505347378,-0.002577900876757017
1.9089462593137245,0.08142209861060991,0.14179579555510755
2.0428395595659445,0.316989787951682,0.006878854813982538
1.0006484180406632,0.4756457853964613,-0.1736098780701554
0.7714638561369753,0.4176035900713422,0.0750641736528451
1.2133828162264517,0.42529187328773854,0.0017487722719434634
1.314148742430633,0.27548851239296535,-0.06833198105743596
1.84339205553177,0.24355698873805315,-0.0653589709195759
0.46007399144889616,0.6797102193727904,-0.15917305677195168
2.081091476046623,0.04015826275424152,0.04751814348073508
1.2473223770368311,0.22291799344056124,0.006069743730142314
1.1228958013626258,0.4283324016243374,-0.03802056134980222
0.840294158716262,0.3981060174810412,0.11150112889218988
0.528928020423471,0.5488714341759925,-0.012661400570753753
1.7779516583473232,0.07347167189445165,0.020032574003242834
1.4130353599705778,0.2857632505230259,0.0677644088159933
0.741405936515859,0.6826960868937799,-0.2938189916016332
0.7488570103645878,0.36615348006288734,-0.008354782501613041
1.2385140567613417,0.29223649177077926,0.1530381746404666
2.2509271790611134,0.2465236014391396,-0.03978742572455743
1.2966307507446244,0.26548743005764247,-0.1066120134854226
0.6848649598773837,0.5493954862026703,-0.18527263975573394
1.3235749144034747,0.15994266827649772,-0.11376164657982707
1.3200946715826216,0.30994072276189416,-0.11074696459909428
0.118023144995681,0.8699610574858944,-0.3496289165518627
1.4493290432175707,0.3333007269991261,-0.17906214467869
1.371019221382148,0.3725867054026256,-0.04859244990537336
1.844599678903206,0.4170449586253091,0.025153961394357743
2.4309845539791795,0.14591351554499632,-0.09413299414332489
2.0797990312903956,0.15753495344337132,0.14739121010416412
1.3920821812491115,0.2679956544162774,0.028693196201742113
0.9832735821657018,0.33876786663867253,0.06301865422864866
2.833226448171477,0.09267114293267485,-0.06545151481892489
1.586165773563801,0.17516886859451297,0.07886984617121372
1.57353121252304,0.22415792381098185,-0.12306643433081065
1.5645140330215752,0.3409494012975862,0.04836536185147414
1.6856289669705147,0.08467357367860912,0.017825997535110043
1.5244163906346255,0.33173595573309156,0.01725351026548895
1.3197756031664887,0.3989067597418776,-0.17632554365318026
1.3431871459964209,0.24920560399619074,-0.1080153592103086
1.6102499915186277,-0.012347839788368814,0.05902900560515143
1.3649242510697546,0.19461782282433887,-0.10402945015596719
1.2902237553080647,0.4049086513373917,-0.014499114522414591
1.7098717705026054,0.17860218020395097,-0.14373044401005253
1.5391780579562393,0.11462715947470961,0.08396988382396943
2.428673170968021,0.03767622781252317,-0.12207995846300493
0.361201782490181,0.7809003771476181,-0.19619738621590388
2.242450122657928,0.1608713440854497,0.057662485287846815
2.3297493029555216,0.07342693198652508,-0.06870711260024547
0.6800216005126423,0.4699236081155608,-0.02697216641712552
1.5553829296865527,0.17193271253440764,0.01985996204717891
1.5510163037388414,0.11979135654303884,-0.05507892808157816
1.0429908993878363,0.5139366828496323,-0.2046700369729798
1.3678484129613193,0.2224222344664172,-0.20983708476942875
1.2114788440338526,0.41947247015985695,-0.030975869483087906
2.6529119984885883,0.22257738128826166,-0.17008135723497567
2.254625983360518,0.20474386533769492,-0.0011675154897484961
2.4325743442938763,0.044648455663774525,-0.02511146555256836
2.1676428388284243,0.15482007843645734,0.06366468814737196
1.2522909312082025,0.2834296247078506,-0.05603101959403429
1.5645666936869402,0.11880844588779173,-0.034071391164823606
2.081524117450796,0.15717587708282865,0.06868834477683149
1.2357829424008744,0.17270316550218645,0.02722762398191047
2.213356071943051,0.2281010411937207,0.017053415850241067
1.7467041677877997,0.12788588832940295,0.04513439208926206
1.6894664731020785,0.20473396197601518,-0.16425762441187228
2.242366870988633,0.1345356159476725,0.07334680060273706
2.119028552639917,0.09425779220555996,0.0615097030579315
1.7264238239973673,0.2365889253708092,-0.11776541569291073
2.496581818599041,0.03487569446317953,-0.023273877545628645
1.3863952631269785,0.3371045055165615,-0.043500435814611264
2.244904740409069,-0.02866033655633604,-0.015294401860335892
2.243497575931139,0.11872476602825274,0.032265139931145194
1.802183737299962,0.3588312126239414,0.09722616529045378
2.130033478088026,0.01880018301306241,0.10893952201220863
1.3514201887843256,0.19109785479460362,-0.13991622583239702
2.4490004965904375,0.13777066531750726,0.05959648434401297
1.9045459287755027,0.16684841224016755,0.12731411552816813
1.7456454967474875,0.20959530249831526,0.027221093609514323
2.541521629935462,0.1276651985862875,0.10732283349485885
1.6748551817556476,0.25080745394407816,0.18240145302387864
1.3328063888552575,0.37470605997071704,0.051547086627268396
1.2687324602850953,0.3221696784004209,-0.010539028210599335
2.360062032729877,0.0702886007719112,0.10554788221666825
1.4268523908189257,0.30732073003939286,-0.017115150157480045
2.9544741680692597,0.24209424588924489,-0.014739913304623512
1.0461223831452262,0.3380339332073882,-0.07497325833087029
2.9453252812421162,-0.04486797833159056,0.15308901977643785
2.2126158407084167,0.22012213101510586,-0.09502631619417445
2.068760561181921,0.11430416182971041,0.15241006876353744
1.8546675837226525,-0.06076199577663638,0.045098250706441925
2.3367051943131725,0.18138771022459838,-0.1473079304102483
2.128329795934723,0.0655031236338006,0.03789016536786699
2.7088080981654183,0.05756283110746577,-0.20878492943708013
2.224280991498187,0.14134318102517532,0.05962071845349083
2.252328057908116,0.1242041024441841,0.08701069123236808
2.0053810810802593,0.20555417069508808,-0.07006249896606015
2.1687243853366636,0.07077471943021654,0.013383766435841138
2.3611080916532368,0.14562623469902816,0.19208583626010078
1.3621330208889046,0.2301592298564346,-0.06550259041139639
1.5531345161743708,0.28546476880847765,-0.13218802422052273
2.6088692842485948,0.13515448585661313,0.1457818095482645
2.3326799663112183,0.003491476648433564,0.19642718244997506
2.1652655890809176,0.22331767393184887,-0.013358591122990452
2.276484233799964,0.0490481024500752,0.10239308692295589
2.451068129958113,0.16700724277127582,0.12854986037155694
2.0174074471326064,0.16972855892274014,-0.0801672497494248
1.908144934596141,0.3321737080268853,-0.08672332780693501
2.4052299348561483,0.0678981445748381,0.12417240877286506
1.8281309285098013,0.12578199296081694,0.16687066162965522
2.531453705184563,0.07760134309562797,0.05715116191383837
1.4860455352184172,0.1959476699755009,-0.0973682875357751
2.8619251660101694,0.13715280464747076,0.1961495800272967
2.593656098563879,-0.08688480063108098,-0.061222890135201796
2.495382234524305,-0.022903317489013725,-0.034921869455387
2.8687228693501345,-0.05000890738167974,0.030480024530976466
3.2201246096186757,0.13498083898362678,0.15304627029649964
2.904582429906463,0.22583299409109026,0.07123365857198183
1.4869702917415848,0.21561158248948978,0.029054958930254116
1.7776289340495666,0.15215630153133924,0.0423543477122926
2.115018138579588,0.12763631776779746,0.0025784996413357065
2.4504829625428544,0.20243975025271288,0.04546384196169217
2.706276957682009,-0.025950325649322606,-0.2545910569958449
2.0945855508807245,0.14695815885276728,-0.03311869799054365
2.5608508497060067,0.1747587566801278,0.017600579171873233
2.099786011300816,0.1725920523426661,-0.12136600693171529
2.181728585991513,0.13180445908131685,0.03652724687833598
1.7941669490733863,0.26637051189172434,-0.04248425076733969
2.0458908844520556,-0.14105825079453294,0.15853749708754458
1.8416752147093507,0.22633912749549956,0.14304959829418118
2.0395909010388613,0.064674348058636,-0.04544271910948128
3.0643584358414575,-0.1363795067848546,-0.031211328489277934
2.072848103131576,0.1769471628420343,-0.014200765667974062
3.8737485899762527,0.1581461808341551,-0.049768885126840086
2.814226518008012,0.04620622042287424,0.02074282522176715
2.6699956394250144,0.16453998200981962,-0.08114114693091912
2.1584086974969807,0.27673661008383155,-0.13736781645480806
2.947752537302093,0.18394891512890466,0.054555452067199695
2.3197886944887207,0.2622908064858655,0.04178039901116383
2.678622524940298,0.14287041237335768,-0.08350213848809028
3.907669896762025,0.027630615834296702,0.09053441881304267
2.5896076877753127,-0.08514710405168763,-0.07104702860181213
3.2222843107904855,0.0152576438418707,0.025962719485512542
2.306069445094714,0.015327511589364046,0.08268301924389754
2.650173422419187,0.2877332333682916,-0.03018798823479571
3.5630779954954326,0.010762843473986365,0.045954169774568315
2.374204158793804,0.10540902411619327,-0.051936766742461754
3.603921976696162,0.08236530691958899,-0.01892696611264839
3.0615836754354455,0.05117374373288624,-0.019339616855830816
2.436484329770584,0.25697292359883095,-0.09472762812246563
3.043931597255488,-0.0146177449806573,-0.0185154080555176
3.2240149625511023,0.05925570732743598,-0.15365853502280216
3.058652728856346,-0.0272961503380824,-0.05085363078595907
1.9726453978125296,0.00708617376917664,-0.028158410232703285
2.4041991798553335,0.029160901898449845,-0.024586141557019683
2.654018460002025,0.06666419395711115,-0.023043318442360787
2.7505710732377646,0.020961141686540292,-0.005348588608649695
3.1081338465731365,-0.02455783271107756,0.046413977586188204
2.896658308274435,-0.08542434810960593,0.07952491397954631
2.1501456384627673,0.10815663717223986,-0.06542651646924195
3.0179267533308094,-0.10156953712274462,-0.13056523219696553
3.1431307104797495,0.11915310025564263,-0.10535483380853308
3.1277430718133674,0.052060551902105213,-0.047475493950716624
3.3982482206351685,-0.11232336614380632,-0.047125740029808946
3.2848289451423196,0.006526082330158188,-0.07669465053434747
3.1074679174920963,-0.030501608820961625,-0.1316030483995947
2.8528050321585643,0.08959974408938445,-0.04515348806323685
2.0674174311399023,0.2605571309485125,-0.00266737600689948
3.1227170174742005,-0.1434798915024327,0.04202756398030615
3.0217617614994734,0.06021792585935933,-0.05454848869576367
3.0637173465256144,0.030700441414030884,-0.040237159225992275
2.2995636500277827,0.16743660885761869,-0.09831773777974401
2.4074196777438166,0.1113670090548257,-0.0037859397496685793
3.4845343846244097,-0.0445288985600844,-0.0880630363142733
2.94819039103964,0.020529112532368395,0.05812799549521877
3.31872832666429,-0.04340375008942371,-0.18170098815337374
3.0021471760532177,0.1572809953129447,-0.0404729377059762
3.0128760677458692,0.05128128108953962,0.031356916802518627
3.4771499109960073,0.22101440871484723,0.005048910378676188
2.759995653909332,0.05722596205054022,0.2705236163229325
3.0760884164985205,-0.024701294513598135,0.03343911326093836
2.8069003936855172,-0.09097954558376331,-0.10910058419011247
2.830799934331891,-0.12134830148784014,-0.02298595849592809
2.903471996323739,-0.10358108339957525,-0.1881768477878699
3.179134953884925,0.0683343092955867,-0.006982970310075947
2.83870376724634,0.10937395065455405,-0.08382720447139795
3.7159661508748494,-0.13378714875532727,0.07589108677344836
2.6507944469883467,0.16009893811431505,-0.05976951891954943
3.0146722860274293,0.0007558059582202584,-0.01163908761696758
2.8982525889810313,0.06979875349013528,-0.06250687341360268
3.8516170703049952,0.18246741624140173,0.16636597219729668
3.2364155263939263,0.12898846053241253,-0.034003090020153885
3.664070417882466,-0.0012250812611067675,0.18319369799684207
2.415377971639673,0.00021434444341819625,0.08142587040479816
3.301693301102798,-0.17836077419258428,0.02338459057187669
3.6229935759898972,-0.04521271152211699,0.03358820145192181
3.229330182825901,0.0184709800734995,0.04013226878276052
3.7309383857308744,-0.07474762085284598,-0.19930393464496415
2.949563983158023,0.03923683520839144,-0.026698086675747607
3.922891938311009,0.0274689867068865,0.08551105481038335
4.3776772900378536,-0.009931112971271036,-0.005435710397260285
3.0568189580184093,-0.01796317365474495,-0.14157888029399468
3.025496987547863,0.0653991618299758,-0.004113590534259793
3.9849504968171092,0.06278742968763176,0.17157451724685707
4.058054341133625,-0.09175729525193194,0.11588401857802269
3.0168482647016446,0.190048507495871,-0.014747908049695887
3.07819487974036,0.03618348032916848,0.0962979154476528
3.1574059938680454,0.04442089886961519,-0.03541856769483707
2.6360830527911703,0.14246277835236285,-0.17341999935690583
2.85899234507622,0.08064810962429199,-0.0916726090890729
2.826257944952295,0.15454776010137233,0.15206773192630205
2.9544395557862746,0.08082027246054882,-0.026630629328544837
3.3310059046549583,-0.025486618744939314,-0.025938307466574884
3.475465724626619,0.06709777001257111,-0.028884763432540733
4.1436186147754075,-0.09850728376903081,0.18062822487316868
2.8792013580089835,0.06703558289749856,0.16369601634189412
3.880549587626681,0.017316479797449946,0.22259354612743684
3.2914039762856446,0.016389896847135235,-0.01521967324447289
3.3836765535821924,0.021068756127801756,0.03039339397779563
3.755828164501721,-0.16480382534061158,-0.1734879315198009
2.86706741764728,0.0019929541222565364,0.14779109942086308
3.6296433115304643,0.0358101342272238,-0.11563016475667237
3.531674552554977,0.0452415235094596,0.022913852806016224
3.7046840904625333,-0.07815952405400153,-0.11669877602893308
3.613052790422378,0.15354017326086425,-0.06300322085851236
4.706128548433926,-0.07757777810914945,-0.09062031159735442
3.169618496362831,0.1389653455385897,-0.06350349711309203
3.23300002099759,0.08215843948194722,-0.05318588088407283
3.196938245296127,-0.023735531881683716,-0.05629603509703836
3.2407799589383917,0.21666445003919968,0.07072808057897094
3.20983496487527,-0.0790004090952933,-0.11756302107631758
4.133046804092315,0.1079493693756241,0.021616193718846672
4.258800672543477,0.11419748164021673,0.12097606970114179
3.273185411683821,-0.029176467331221097,-0.05320512734822899
3.1523907820164547,0.18199632914957428,-0.07924902004550836
3.814286356771781,-0.0029512043274729817,-0.02320438842227348
3.3124770664481034,0.06529519562949561,0.11910098307019723
3.915064507476355,0.04597144624978916,0.020650194863006156
3.710070119034259,0.011044932844477686,-0.052630329929347935
2.860746561120003,0.1383068489071419,0.04572999592701152
4.40238122929366,0.09159701157706371,-0.10985191000048931
4.5365774751864,-0.16414319818772866,0.04645374502761955
3.342254303406456,0.1657911863305357,0.035404118855973755
3.4648078786906673,-0.1349701845892965,-0.04664683521264801
3.8116013640311217,0.12536736047694091,-0.0854580173435977
3.845907073672192,0.13403752499763683,-0.09095821143601583
4.017960825025105,-0.0911070314934828,0.04476861504158308
4.7038009680818735,-0.03202065693352206,0.12078311763174464
3.6202350949616844,-0.08379408608818278,-0.07143793880335729
3.3195700964494925,0.014676274297213736,0.046464520314023046
3.0390691147214657,0.017076010602086862,-0.20799505724043943
3.3732737187677797,0.1122432926491932,-0.05915799487440774
3.7321852623118508,0.15497133705440586,-0.007371313834008115
4.656037690517653,0.14907242694392953,-0.09463316236266762
3.5099631192506835,-0.02631878557996423,-0.09531376223182947
3.8906727545982283,-0.000490591411342875,-0.06680260585827202
3.780577340752413,-0.14553430046391688,0.011344580447230919
4.392995435522841,-0.06822336743589677,-0.024476206286405674
5.0,0.10322311030883123,-0.22399804024162007
3.553384432358659,0.19018586973519352,-0.22063667713075405
3.5841091075697182,-0.09567349816016085,-0.07005487187864287
4.360919277373375,-0.0464797797507205,0.042361976551998824
4.189794593662005,0.012508820639610403,-0.27420347306479065
4.782212521726876,0.03639355905443713,-0.048817166751281144
4.160832961531852,-0.06536578915458205,-0.05803400443456086
3.6992328334853495,0.06714860525568861,0.1399319575998573
4.1842163042350435,-0.03214979451104468,-0.04062772373160253
4.453250689190353,0.01019543812794566,0.03875656743976297
4.319149999507592,0.06793961805632387,0.01520992344277142
4.172555934472568,0.016055042570969263,-0.2123830973990267
4.462266273723507,-0.03210239957557661,0.07469907501162372
4.523586734161776,-0.00011094279907022074,0.02153409723613765
4.640028444467713,0.0008211270028428089,0.0508675823500422
4.283313902753781,-0.0232042382119132,0.3911936791708684
3.8854099288105424,-0.005340198926073712,-0.20869259837489035
4.052335822195641,0.17724644361240394,0.16562576293761302
4.592243472243168,0.06622205104296702,-0.027631003874470702
3.590531163505381,-0.001964356713063338,0.028632738433090457
4.19334566344546,0.08479113562772472,-0.003913257112877796
3.822349612855339,-0.011505609443395785,-0.04306526811168053
4.043401440496438,0.13485018110325014,-0.05934197922589938
4.678264970342688,0.04625934644567695,0.03419139525507346
4.144598583059001,0.005119582651133995,-0.15147452832911118
4.082277333137133,0.06164069811181419,0.07623602068803882
3.38914099857911,-0.12334997006582546,-0.05540396367066791
4.45220586209269,-0.10102391283669561,-0.12316948534242396
4.411831179659627,-0.10725956025825416,-0.05612546423072548
5.0,0.021032256475456146,0.1265448120059743
3.955219991632609,0.19240595421495035,-0.062412330537749985
4.228694282951089,0.2377014188826854,0.01954187140477287
4.253820970984507,0.0780149448243147,-0.07224410100702441
4.927865779020877,0.05732639020044252,0.07701169296908583
4.101501382955673,-0.1635579612765806,0.04699353333619859
4.298669922044329,-0.04068076171252701,0.18199742710782088
4.473117424027439,-0.06736668991114562,-0.023198685680804323
4.272483740757359,-0.04813766070554726,0.06329730509817821
3.965972381913925,0.002135219542691979,0.009911229651897105
4.296244195648353,-0.03358944208510938,0.12734222270668422
4.746025084139095,-0.18924382763511982,-0.09924357397908883
3.7059615695136894,0.09936759952957286,0.07452369028691626
4.295714066302668,-0.09364746481727891,-0.028544802469198678
3.889178831769653,0.04438682841288955,-0.0051868707509517414
4.846772563711671,0.21526195092944284,-0.00319889476271497
3.497665806867372,-0.061670506882690324,0.020234732254801782
3.989808345633475,-0.23452549226404137,-0.0507934835692375
4.46788521681154,-0.017128872130376727,0.0204678123144941
5.0,0.11683391049894258,0.1568191505240757
4.266424168762805,0.20986661456850944,0.08704214789838405
4.031709545962711,-0.10521098956722798,0.0761114761798691
5.0,0.05640786932273764,-0.0443280347750599
3.6053223791212075,-0.019352364116898106,-0.09007942047653669
3.2399363610292986,0.028571552097853243,0.0965494744687158
4.569356574376016,0.2747989611405513,0.06373043472683992
4.108332247183054,-0.1338618713700587,0.13160539568214422
3.858752960804013,0.04646825468199082,-0.05915680198380349
4.733557603029056,0.05556444292627279,-0.021723805606950475
4.511289746274989,0.11956291659043707,-0.1651272387439966
4.117360084031035,0.026085770597247024,-0.03828388671192792
3.7692572100739623,0.053874246438931434,0.10089627234889217
4.855648083559492,-0.03138056989229872,-0.04871212766667389
4.75453001840876,0.035525285626208686,0.06519171058042476
4.389851507549748,-0.02191665677790594,-0.020386904391579315
5.0,0.06889513598469055,0.033472201958907453
3.9244170762963835,-0.017207385218486852,-0.11577792186636895
3.7067068840071,0.06226830285566918,0.009691474011416831
4.133525444538858,0.01309999798454355,-0.29854461540297395
4.4666964813117405,0.12409021988203331,-0.02019362986758771
4.6211692241608455,0.004701910307313477,-0.16282331044883747
4.388891480581345,-0.16488876352917942,0.09875755460137564
4.695547217776668,0.1353280167625258,0.07534142558879924
3.9037598174343078,-0.07040728163902613,0.04066296143584549
5.0,-0.05863868686579652,0.14744563082983503
4.508473960353265,-0.048550872329153526,-0.09850050667497123
5.0,0.14418175631616723,0.1715432890941179
4.740932242758422,-0.20483691795592457,0.06201885295984763
4.807956189156472,0.3219393827767486,-0.059063855064312804
4.874473229705692,0.11324479812579939,0.11280291197893644
4.823453879608257,0.03036286490056323,-0.1095732761634692
4.930970989543382,0.001730089766172469,-0.08236641201079026
5.0,0.035293354484851165,-0.059718606499616425
4.7278902144803645,0.06095735549644358,-0.051711867432626527
4.994141518433896,0.07129909558776953,-0.10463786032710452
4.604781802506037,0.06556433118947169,0.12343258485576968
5.0,0.01569601512461035,-0.0252241270727515
4.331473518640035,-0.0065856828792757675,0.034899472940633586
5.0,-0.008389381366265703,-0.05748988435258884
4.6696107143675185,-0.010114909308146935,-0.18261735869006618
3.984312148640676,0.1319822472469633,0.024886100764518117
4.773761917165104,0.0678042098324304,-0.19013885222120264
4.379193890982279,-0.2815034039701627,-0.06039921820647156
5.0,0.07232802465206156,-0.13583616543819846
4.413427750088545,0.03158720421513117,0.1998068793438838
4.52665803314236,0.008945889360710675,0.09154345246288259
3.8149893942869944,-0.016813897128329473,0.009592980549546748
4.543616610145231,0.12304614672100356,0.12494345774395552
3.5678401164653017,0.1229693789795569,-0.08605320338749545
3.997838378046928,-0.05893249358475722,0.04966095074710208
5.0,0.047443175711538985,0.02122517443341399
5.0,-0.09042772645504313,0.017784583396177375
5.0,-0.13122386947980755,0.11205508062879035
4.346341758265224,-0.04971760716845102,0.06952457188797886
4.81598416176885,0.09433859442309406,0.029131602830175008
4.848048580304566,0.10315617345205041,-0.1656600952125612
4.280677515263589,0.06514182865771648,-0.09487381540077995
5.0,0.07924752568388518,-0.01145479908173384
5.0,0.05835577571058131,0.010548558467239899
4.779407802975058,-0.05574718699667598,-0.11736509216490343
4.913342819397165,0.05054013904762198,0.24241460331853681
5.0,0.08677889952185372,0.15220602448509396
3.8990524857077746,0.09569023301685459,0.06041009822064443
4.806341238669631,0.12706906252150585,0.005474582534659905
4.598947815941041,0.08089280241217567,-0.02045446440253242
4.449139945002492,0.046833436254965354,-0.09394939870134593
4.819409813516983,0.11508657328466165,0.006870702671603438
5.0,0.004085821074179459,0.025971177246674543
5.0,-0.08144951812368635,-0.1315720158981766
4.704400495098591,-0.007251355081920289,0.033028717274702524
5.0,-0.06775231748155945,-0.021213575626911757
